2026-03-20T17:34:21 [fetch.resolve] input_url=https://v.douyin.com/Z3M_HHgQQL4/ page_url=https://www.douyin.com/video/7616664549499911538 detail_id=7616664549499911538
2026-03-20T17:34:22 [fetch.video] detail_id=7616664549499911538 media_url=https://www.douyin.com/aweme/v1/play/?video_id=v0d00fg10000d6pt7t7og65u3tj5mdng&line=0&file_id=c2a19bd78a3b4b9fbc1795d084d9c528&sign=c5c706cda08688647dc8a767f6c75f20&is_play_url=1&source=PackSourceEnum_AWEME_DETAIL image_count=0 duration=14 author=白昼小熊 title=你一句追你的人排到了法国，我就来巴黎排队了 #旅行转场#粉彩系#我为粉彩系代言#hello时尚季
2026-03-20T17:34:36 [fetch.resolve] input_url=https://www.douyin.com/video/7616664549499911538 page_url=https://www.douyin.com/video/7616664549499911538 detail_id=7616664549499911538
2026-03-20T17:34:37 [fetch.video] detail_id=7616664549499911538 media_url=https://www.douyin.com/aweme/v1/play/?video_id=v0d00fg10000d6pt7t7og65u3tj5mdng&line=0&file_id=c2a19bd78a3b4b9fbc1795d084d9c528&sign=c5c706cda08688647dc8a767f6c75f20&is_play_url=1&source=PackSourceEnum_AWEME_DETAIL image_count=0 duration=14 author=白昼小熊 title=你一句追你的人排到了法国，我就来巴黎排队了 #旅行转场#粉彩系#我为粉彩系代言#hello时尚季
2026-03-20T17:34:37 [download.refresh] detail_id=7616664549499911538 media_url=https://www.douyin.com/aweme/v1/play/?video_id=v0d00fg10000d6pt7t7og65u3tj5mdng&line=0&file_id=c2a19bd78a3b4b9fbc1795d084d9c528&sign=c5c706cda08688647dc8a767f6c75f20&is_play_url=1&source=PackSourceEnum_AWEME_DETAIL image_count=0 output_dir=C:\Users\Thach\AppData\Local\Temp\dyd_preview_ck06xr3g
2026-03-20T17:34:38 [download.media.response] detail_id=7616664549499911538 media_url=https://www.douyin.com/aweme/v1/play/?video_id=v0d00fg10000d6pt7t7og65u3tj5mdng&line=0&file_id=c2a19bd78a3b4b9fbc1795d084d9c528&sign=c5c706cda08688647dc8a767f6c75f20&is_play_url=1&source=PackSourceEnum_AWEME_DETAIL response_url=https://v5-dy-o.zjcdn.com/75bd3971cd2dff7fdd8063fd5cd2b2d1/69bd30da/video/tos/cn/tos-cn-ve-15/o0bz9pGHsW2EA1kNAAEGNePf0ZLgNFIDQbNBv9/?a=1128&ch=0&cr=0&dr=0&er=0&cd=0%7C0%7C0%7C0&cv=1&br=3383&bt=3383&cs=0&ds=4&ft=elcAz... status=200 content_type=video/mp4
2026-03-20T17:36:34 [fetch.resolve] input_url=https://www.douyin.com/video/7616664549499911538 page_url=https://www.douyin.com/ detail_id=7616664549499911538
2026-03-20T17:36:35 [fetch.video] detail_id=7616664549499911538 media_url=https://www.douyin.com/aweme/v1/play/?video_id=v0d00fg10000d6pt7t7og65u3tj5mdng&line=0&file_id=c2a19bd78a3b4b9fbc1795d084d9c528&sign=c5c706cda08688647dc8a767f6c75f20&is_play_url=1&source=PackSourceEnum_AWEME_DETAIL image_count=0 duration=14 author=白昼小熊 title=你一句追你的人排到了法国，我就来巴黎排队了 #旅行转场#粉彩系#我为粉彩系代言#hello时尚季
2026-03-20T17:36:35 [download.refresh] detail_id=7616664549499911538 media_url=https://www.douyin.com/aweme/v1/play/?video_id=v0d00fg10000d6pt7t7og65u3tj5mdng&line=0&file_id=c2a19bd78a3b4b9fbc1795d084d9c528&sign=c5c706cda08688647dc8a767f6c75f20&is_play_url=1&source=PackSourceEnum_AWEME_DETAIL image_count=0 output_dir=C:\Users\Thach\AppData\Local\Temp\dyd_preview_cssbz_i_
2026-03-20T17:36:36 [download.media.response] detail_id=7616664549499911538 media_url=https://www.douyin.com/aweme/v1/play/?video_id=v0d00fg10000d6pt7t7og65u3tj5mdng&line=0&file_id=c2a19bd78a3b4b9fbc1795d084d9c528&sign=c5c706cda08688647dc8a767f6c75f20&is_play_url=1&source=PackSourceEnum_AWEME_DETAIL response_url=https://v5-dy-o.zjcdn.com/94182ab8b3330b9272764ae721c9dc41/69bd3150/video/tos/cn/tos-cn-ve-15/o0bz9pGHsW2EA1kNAAEGNePf0ZLgNFIDQbNBv9/?a=1128&ch=0&cr=0&dr=0&er=0&cd=0%7C0%7C0%7C0&cv=1&br=3383&bt=3383&cs=0&ds=4&ft=elcAz... status=200 content_type=video/mp4
2026-03-20T17:36:37 [download.media.body] detail_id=7616664549499911538 bytes=6395825
2026-03-20T17:36:37 [download.media.write_error] detail_id=7616664549499911538 path=C:\Users\Thach\AppData\Local\Temp\dyd_preview_cssbz_i_\你一句追你的人排到了法国，我就来巴黎排队了 #旅行转场#粉彩系#我为粉彩系代言#hello时尚季.mp4 error=[Errno 22] Invalid argument: 'C:\\Users\\Thach\\AppData\\Local\\Temp\\dyd_preview_cssbz_i_\\你一句追你的人排到了法国，我就来巴黎排队了\n#旅行转场#粉彩系#我为粉彩系代言#hello时尚季.mp4'
2026-03-20T17:36:37 [download.media.error] detail_id=7616664549499911538 error=Could not write the prepared media file. See douyin_debug.log for details.
2026-03-20T17:38:00 [fetch.resolve] input_url=https://v.douyin.com/Z3M_HHgQQL4/ page_url=https://www.douyin.com/video/7616664549499911538 detail_id=7616664549499911538
2026-03-20T17:38:01 [fetch.video] detail_id=7616664549499911538 media_url=https://www.douyin.com/aweme/v1/play/?video_id=v0d00fg10000d6pt7t7og65u3tj5mdng&line=0&file_id=c2a19bd78a3b4b9fbc1795d084d9c528&sign=c5c706cda08688647dc8a767f6c75f20&is_play_url=1&source=PackSourceEnum_AWEME_DETAIL image_count=0 duration=14 author=白昼小熊 title=你一句追你的人排到了法国，我就来巴黎排队了 #旅行转场#粉彩系#我为粉彩系代言#hello时尚季
2026-03-20T17:38:04 [fetch.resolve] input_url=https://www.douyin.com/video/7616664549499911538 page_url=https://www.douyin.com/video/7616664549499911538 detail_id=7616664549499911538
2026-03-20T17:38:05 [fetch.video] detail_id=7616664549499911538 media_url=https://www.douyin.com/aweme/v1/play/?video_id=v0d00fg10000d6pt7t7og65u3tj5mdng&line=0&file_id=c2a19bd78a3b4b9fbc1795d084d9c528&sign=c5c706cda08688647dc8a767f6c75f20&is_play_url=1&source=PackSourceEnum_AWEME_DETAIL image_count=0 duration=14 author=白昼小熊 title=你一句追你的人排到了法国，我就来巴黎排队了 #旅行转场#粉彩系#我为粉彩系代言#hello时尚季
2026-03-20T17:38:05 [download.refresh] detail_id=7616664549499911538 media_url=https://www.douyin.com/aweme/v1/play/?video_id=v0d00fg10000d6pt7t7og65u3tj5mdng&line=0&file_id=c2a19bd78a3b4b9fbc1795d084d9c528&sign=c5c706cda08688647dc8a767f6c75f20&is_play_url=1&source=PackSourceEnum_AWEME_DETAIL image_count=0 output_dir=C:\Users\Thach\AppData\Local\Temp\dyd_preview_q2lzyy6t
2026-03-20T17:38:06 [download.media.response] detail_id=7616664549499911538 media_url=https://www.douyin.com/aweme/v1/play/?video_id=v0d00fg10000d6pt7t7og65u3tj5mdng&line=0&file_id=c2a19bd78a3b4b9fbc1795d084d9c528&sign=c5c706cda08688647dc8a767f6c75f20&is_play_url=1&source=PackSourceEnum_AWEME_DETAIL response_url=https://v5-dy-o.zjcdn.com/1421d018941da296d331c1e370020909/69bd31a9/video/tos/cn/tos-cn-ve-15/o0bz9pGHsW2EA1kNAAEGNePf0ZLgNFIDQbNBv9/?a=1128&ch=0&cr=0&dr=0&er=0&cd=0%7C0%7C0%7C0&cv=1&br=3383&bt=3383&cs=0&ds=4&ft=elcAz... status=200 content_type=video/mp4
2026-03-20T17:38:06 [download.media.body] detail_id=7616664549499911538 bytes=6395825
2026-03-20T17:38:06 [download.media.write_error] detail_id=7616664549499911538 path=C:\Users\Thach\AppData\Local\Temp\dyd_preview_q2lzyy6t\你一句追你的人排到了法国，我就来巴黎排队了 #旅行转场#粉彩系#我为粉彩系代言#hello时尚季.mp4 error=[Errno 22] Invalid argument: 'C:\\Users\\Thach\\AppData\\Local\\Temp\\dyd_preview_q2lzyy6t\\你一句追你的人排到了法国，我就来巴黎排队了\n#旅行转场#粉彩系#我为粉彩系代言#hello时尚季.mp4'
2026-03-20T17:38:06 [download.media.error] detail_id=7616664549499911538 error=Could not write the prepared media file. See douyin_debug.log for details.
2026-03-20T17:38:31 [fetch.resolve] input_url=https://v.douyin.com/Z3M_HHgQQL4/ page_url=https://www.douyin.com/video/7616664549499911538 detail_id=7616664549499911538
2026-03-20T17:38:32 [fetch.video] detail_id=7616664549499911538 media_url=https://www.douyin.com/aweme/v1/play/?video_id=v0d00fg10000d6pt7t7og65u3tj5mdng&line=0&file_id=c2a19bd78a3b4b9fbc1795d084d9c528&sign=c5c706cda08688647dc8a767f6c75f20&is_play_url=1&source=PackSourceEnum_AWEME_DETAIL image_count=0 duration=14 author=白昼小熊 title=你一句追你的人排到了法国，我就来巴黎排队了 #旅行转场#粉彩系#我为粉彩系代言#hello时尚季
2026-03-20T17:38:36 [fetch.resolve] input_url=https://www.douyin.com/video/7616664549499911538 page_url=https://www.douyin.com/video/7616664549499911538 detail_id=7616664549499911538
2026-03-20T17:38:37 [fetch.video] detail_id=7616664549499911538 media_url=https://www.douyin.com/aweme/v1/play/?video_id=v0d00fg10000d6pt7t7og65u3tj5mdng&line=0&file_id=c2a19bd78a3b4b9fbc1795d084d9c528&sign=c5c706cda08688647dc8a767f6c75f20&is_play_url=1&source=PackSourceEnum_AWEME_DETAIL image_count=0 duration=14 author=白昼小熊 title=你一句追你的人排到了法国，我就来巴黎排队了 #旅行转场#粉彩系#我为粉彩系代言#hello时尚季
2026-03-20T17:38:37 [download.refresh] detail_id=7616664549499911538 media_url=https://www.douyin.com/aweme/v1/play/?video_id=v0d00fg10000d6pt7t7og65u3tj5mdng&line=0&file_id=c2a19bd78a3b4b9fbc1795d084d9c528&sign=c5c706cda08688647dc8a767f6c75f20&is_play_url=1&source=PackSourceEnum_AWEME_DETAIL image_count=0 output_dir=C:\Users\Thach\AppData\Local\Temp\dyd_preview_68pa8_oz
2026-03-20T17:38:37 [download.media.response] detail_id=7616664549499911538 media_url=https://www.douyin.com/aweme/v1/play/?video_id=v0d00fg10000d6pt7t7og65u3tj5mdng&line=0&file_id=c2a19bd78a3b4b9fbc1795d084d9c528&sign=c5c706cda08688647dc8a767f6c75f20&is_play_url=1&source=PackSourceEnum_AWEME_DETAIL response_url=https://v5-dy-o.zjcdn.com/9b4b4192b37e75908e7eedf0d6c3d8db/69bd31c9/video/tos/cn/tos-cn-ve-15/o0bz9pGHsW2EA1kNAAEGNePf0ZLgNFIDQbNBv9/?a=1128&ch=0&cr=0&dr=0&er=0&cd=0%7C0%7C0%7C0&cv=1&br=3383&bt=3383&cs=0&ds=4&ft=elcAz... status=200 content_type=video/mp4
2026-03-20T17:38:38 [download.media.body] detail_id=7616664549499911538 bytes=6395825
2026-03-20T17:38:38 [download.media.saved] detail_id=7616664549499911538 path=C:\Users\Thach\AppData\Local\Temp\dyd_preview_68pa8_oz\你一句追你的人排到了法国，我就来巴黎排队了 #旅行转场#粉彩系#我为粉彩系代言#hello时尚季.mp4 bytes=6395825
2026-03-20T17:41:57 [fetch.resolve] input_url=https://www.douyin.com/video/7616664549499911538 page_url=https://www.douyin.com/video/7616664549499911538 detail_id=7616664549499911538
2026-03-20T17:41:58 [fetch.video] detail_id=7616664549499911538 media_url=https://www.douyin.com/aweme/v1/play/?video_id=v0d00fg10000d6pt7t7og65u3tj5mdng&line=0&file_id=c2a19bd78a3b4b9fbc1795d084d9c528&sign=c5c706cda08688647dc8a767f6c75f20&is_play_url=1&source=PackSourceEnum_AWEME_DETAIL image_count=0 duration=14 author=白昼小熊 title=你一句追你的人排到了法国，我就来巴黎排队了 #旅行转场#粉彩系#我为粉彩系代言#hello时尚季
2026-03-20T17:41:58 [download.refresh] detail_id=7616664549499911538 media_url=https://www.douyin.com/aweme/v1/play/?video_id=v0d00fg10000d6pt7t7og65u3tj5mdng&line=0&file_id=c2a19bd78a3b4b9fbc1795d084d9c528&sign=c5c706cda08688647dc8a767f6c75f20&is_play_url=1&source=PackSourceEnum_AWEME_DETAIL image_count=0 output_dir=D:\CodingTime\DYD\downloads
2026-03-20T17:41:58 [download.media.response] detail_id=7616664549499911538 media_url=https://www.douyin.com/aweme/v1/play/?video_id=v0d00fg10000d6pt7t7og65u3tj5mdng&line=0&file_id=c2a19bd78a3b4b9fbc1795d084d9c528&sign=c5c706cda08688647dc8a767f6c75f20&is_play_url=1&source=PackSourceEnum_AWEME_DETAIL response_url=https://v11-o.douyinvod.com/0f6c4badb68ebd25158ce62a8db0cc5d/69bd3292/video/tos/cn/tos-cn-ve-15/o0bz9pGHsW2EA1kNAAEGNePf0ZLgNFIDQbNBv9/?a=1128&ch=0&cr=0&dr=0&er=0&cd=0%7C0%7C0%7C0&cv=1&br=3383&bt=3383&cs=0&ds=4&ft=elc... status=200 content_type=video/mp4
2026-03-20T17:41:59 [download.media.body] detail_id=7616664549499911538 bytes=6395825
2026-03-20T17:41:59 [download.media.saved] detail_id=7616664549499911538 path=D:\CodingTime\DYD\downloads\你一句追你的人排到了法国，我就来巴黎排队了 #旅行转场#粉彩系#我为粉彩系代言#hello时尚季.mp4 bytes=6395825
2026-03-20T17:46:54 [api.user_profile] uri=/aweme/v1/web/user/profile/other/ status=200 response_preview={"extra":{"fatal_item_ids":[],"logid":"2026032018465161393D900A9CE244A5CA","now":1774003612000},"log_pb":{"impr_id":"2026032018465161393D900A9CE244A5CA"},"statu
2026-03-20T17:46:56 [api.user_posts] uri=/aweme/v1/web/aweme/post/ status=200 response_preview={"status_code":0,"min_cursor":0,"max_cursor":1768391399000,"has_more":1,"aweme_list":[{"aweme_id":"7597793810105655962","desc":"我的爱 是青苹果的心脏\n（灵感来源：兰月亮）#手搓粉彩风转场来
2026-03-20T17:46:56 [profile.fetch] profile_input=https://www.douyin.com/user/MS4wLjABAAAAoctrW5qzQp6h2H32mRKenXU_0-cmgjgOxIc768mlwjqKVjQbFdD1NeEzi2TMbGM0?from_tab_name=main&vid=7616664549499911538 sec_user_id=MS4wLjABAAAAoctrW5qzQp6h2H32mRKenXU_0-cmgjgOxIc768mlwjqKVjQbFdD1NeEzi2TMbGM0 start=1 count=20 returned=20 has_more=True
2026-03-20T17:47:03 [fetch.resolve] input_url=https://www.douyin.com/video/7617069951253739402 page_url=https://www.douyin.com/jingxuan detail_id=7617069951253739402
2026-03-20T17:47:04 [api.detail] uri=https://www.douyin.com/aweme/v1/web/aweme/detail/ status=403 response_preview=<empty>
2026-03-20T17:47:04 [fetch.resolve] input_url=https://www.douyin.com/video/7616664549499911538 page_url=https://www.douyin.com/jingxuan detail_id=7616664549499911538
2026-03-20T17:47:04 [api.detail] uri=https://www.douyin.com/aweme/v1/web/aweme/detail/ status=403 response_preview=<empty>
2026-03-20T17:47:15 [fetch.resolve] input_url=https://www.douyin.com/video/7617069951253739402 page_url=https://www.douyin.com/jingxuan detail_id=7617069951253739402
2026-03-20T17:47:15 [api.detail] uri=https://www.douyin.com/aweme/v1/web/aweme/detail/ status=403 response_preview=<empty>
2026-03-20T17:47:27 [fetch.resolve] input_url=https://www.douyin.com/video/7617069951253739402 page_url=https://www.douyin.com/jingxuan detail_id=7617069951253739402
2026-03-20T17:47:27 [api.detail] uri=https://www.douyin.com/aweme/v1/web/aweme/detail/ status=403 response_preview=<empty>
2026-03-20T17:49:05 [fetch.resolve] input_url=https://www.douyin.com/video/7617069951253739402 page_url=https://www.douyin.com/ detail_id=7617069951253739402
2026-03-20T17:49:07 [api.detail] uri=https://www.douyin.com/aweme/v1/web/aweme/detail/ status=403 response_preview=<empty>
2026-03-20T17:49:22 [fetch.resolve] input_url=https://www.douyin.com/video/7616208616350098522 page_url=https://www.douyin.com/jingxuan detail_id=7616208616350098522
2026-03-20T17:49:23 [api.detail] uri=https://www.douyin.com/aweme/v1/web/aweme/detail/ status=403 response_preview=<empty>
2026-03-20T17:51:37 [browser.launch] channel=chrome
2026-03-20T17:51:53 [api.user_profile] uri=/aweme/v1/web/user/profile/other/ status=200 response_preview={"extra":{"fatal_item_ids":[],"logid":"2026032018515032CF72F237DA1D4BF623","now":1774003911000},"log_pb":{"impr_id":"2026032018515032CF72F237DA1D4BF623"},"statu
2026-03-20T17:51:55 [api.user_posts] uri=/aweme/v1/web/aweme/post/ status=200 response_preview={"status_code":0,"min_cursor":0,"max_cursor":1768391399000,"has_more":1,"aweme_list":[{"aweme_id":"7597793810105655962","desc":"我的爱 是青苹果的心脏\n（灵感来源：兰月亮）#手搓粉彩风转场来
2026-03-20T17:51:55 [profile.fetch] profile_input=https://www.douyin.com/user/MS4wLjABAAAAoctrW5qzQp6h2H32mRKenXU_0-cmgjgOxIc768mlwjqKVjQbFdD1NeEzi2TMbGM0 sec_user_id=MS4wLjABAAAAoctrW5qzQp6h2H32mRKenXU_0-cmgjgOxIc768mlwjqKVjQbFdD1NeEzi2TMbGM0 start=1 count=20 returned=20 has_more=True
2026-03-20T17:51:58 [download.refresh] detail_id=7617069951253739402 media_url=https://lf3-music-east.douyinstatic.com/obj/ies-music-hj/7611732622519274277.mp3 image_count=1 output_dir=C:\Users\Thach\AppData\Local\Temp\dyd_preview_bbcn61_2
2026-03-20T17:51:58 [download.media.response] detail_id=7617069951253739402 media_url=https://lf3-music-east.douyinstatic.com/obj/ies-music-hj/7611732622519274277.mp3 response_url=https://lf3-music-east.douyinstatic.com/obj/ies-music-hj/7611732622519274277.mp3 status=200 content_type=audio/mpeg
2026-03-20T17:51:58 [download.media.body] detail_id=7617069951253739402 bytes=385430
2026-03-20T17:51:58 [download.media.saved] detail_id=7617069951253739402 path=C:\Users\Thach\AppData\Local\Temp\dyd_preview_bbcn61_2\放轻松 世界有浮力.mp3 bytes=385430
2026-03-20T17:52:11 [download.refresh] detail_id=7615243459805748403 media_url=https://www.douyin.com/aweme/v1/play/?video_id=v0d00fg10000d6ncednog65vhglff030&line=0&file_id=2b3e9a871615474fa3a730a9f347d7d6&sign=3432a19f25aa5a38da7ff86790462d0c&is_play_url=1&source=PackSourceEnum_PUBLISH image_count=0 output_dir=C:\Users\Thach\AppData\Local\Temp\dyd_preview_6jplvvq8
2026-03-20T17:52:13 [download.media.response] detail_id=7615243459805748403 media_url=https://www.douyin.com/aweme/v1/play/?video_id=v0d00fg10000d6ncednog65vhglff030&line=0&file_id=2b3e9a871615474fa3a730a9f347d7d6&sign=3432a19f25aa5a38da7ff86790462d0c&is_play_url=1&source=PackSourceEnum_PUBLISH response_url=https://v5-dy-o.zjcdn.com/840c9e92d3dd80260c400e92f672b568/69bd3518/video/tos/cn/tos-cn-ve-15/oIfraucEs2IgrNxpAjQE9yCFRfWpWdANADGBg3/?a=1128&ch=0&cr=0&dr=0&er=0&cd=0%7C0%7C0%7C0&cv=1&br=2316&bt=2316&cs=0&ds=4&ft=elcAz... status=200 content_type=video/mp4
2026-03-20T17:52:15 [download.media.body] detail_id=7615243459805748403 bytes=14062965
2026-03-20T17:52:15 [download.media.saved] detail_id=7615243459805748403 path=C:\Users\Thach\AppData\Local\Temp\dyd_preview_6jplvvq8\帮我总结今日风格：＿＿ #hello时尚季 #谁能拒绝来时装周现场看秀呢 #用中式美学打开时装周.mp4 bytes=14062965
2026-03-20T17:52:28 [download.refresh] detail_id=7614414911245944050 media_url=https://www.douyin.com/aweme/v1/play/?video_id=v0d00fg10000d6ltbcnog65oh1fn9nsg&line=0&file_id=f9f5869d46ce473ba661b23dc8f95fe6&sign=0c6adf230770c337a560226b885e5969&is_play_url=1&source=PackSourceEnum_PUBLISH image_count=0 output_dir=C:\Users\Thach\AppData\Local\Temp\dyd_preview_hi4s2974
2026-03-20T17:52:30 [download.media.response] detail_id=7614414911245944050 media_url=https://www.douyin.com/aweme/v1/play/?video_id=v0d00fg10000d6ltbcnog65oh1fn9nsg&line=0&file_id=f9f5869d46ce473ba661b23dc8f95fe6&sign=0c6adf230770c337a560226b885e5969&is_play_url=1&source=PackSourceEnum_PUBLISH response_url=https://v5-dy-o.zjcdn.com/ccc046a0e8ed099b7606f4ac2268fdc0/69bd350b/video/tos/cn/tos-cn-ve-15/oMfcfADqyrlA9F97pEvyWgNAgQcXBLLIKPx9Ep/?a=1128&ch=0&cr=0&dr=0&er=0&cd=0%7C0%7C0%7C0&cv=1&br=2542&bt=2542&cs=0&ds=4&ft=elcAz... status=200 content_type=video/mp4
2026-03-20T17:52:30 [download.media.body] detail_id=7614414911245944050 bytes=5369967
2026-03-20T17:52:30 [download.media.saved] detail_id=7614414911245944050 path=C:\Users\Thach\AppData\Local\Temp\dyd_preview_hi4s2974\Stop，wait a minute ！ #uptownfunk #hello时尚季 #谁能拒绝来时装周现场看秀呢 #用中式美学打开时装周.mp4 bytes=5369967
2026-03-20T17:52:35 [download.refresh] detail_id=7617069951253739402 media_url=https://lf3-music-east.douyinstatic.com/obj/ies-music-hj/7611732622519274277.mp3 image_count=1 output_dir=C:\Users\Thach\AppData\Local\Temp\dyd_preview_phyi94hd
2026-03-20T17:52:35 [download.media.response] detail_id=7617069951253739402 media_url=https://lf3-music-east.douyinstatic.com/obj/ies-music-hj/7611732622519274277.mp3 response_url=https://lf3-music-east.douyinstatic.com/obj/ies-music-hj/7611732622519274277.mp3 status=200 content_type=audio/mpeg
2026-03-20T17:52:35 [download.media.body] detail_id=7617069951253739402 bytes=385430
2026-03-20T17:52:35 [download.media.saved] detail_id=7617069951253739402 path=C:\Users\Thach\AppData\Local\Temp\dyd_preview_phyi94hd\放轻松 世界有浮力.mp3 bytes=385430
2026-03-20T19:29:13 [browser.launch] channel=chrome
2026-03-20T19:29:17 [api.user_profile] uri=/aweme/v1/web/user/profile/other/ status=200 response_preview={"extra":{"fatal_item_ids":[],"logid":"202603202029146AC10DB6166360369CDF","now":1774009755000},"log_pb":{"impr_id":"202603202029146AC10DB6166360369CDF"},"statu
2026-03-20T19:29:19 [api.user_posts] uri=/aweme/v1/web/aweme/post/ status=200 response_preview={"status_code":0,"min_cursor":0,"max_cursor":1768391399000,"has_more":1,"aweme_list":[{"aweme_id":"7597793810105655962","desc":"我的爱 是青苹果的心脏\n（灵感来源：兰月亮）#手搓粉彩风转场来
2026-03-20T19:29:19 [profile.fetch] profile_input=https://www.douyin.com/user/MS4wLjABAAAAoctrW5qzQp6h2H32mRKenXU_0-cmgjgOxIc768mlwjqKVjQbFdD1NeEzi2TMbGM0 sec_user_id=MS4wLjABAAAAoctrW5qzQp6h2H32mRKenXU_0-cmgjgOxIc768mlwjqKVjQbFdD1NeEzi2TMbGM0 start=1 count=20 returned=20 has_more=True
2026-03-20T19:29:51 [api.user_profile] uri=/aweme/v1/web/user/profile/other/ status=200 response_preview={"extra":{"fatal_item_ids":[],"logid":"202603202029483692BBD1821E35408658","now":1774009789000},"log_pb":{"impr_id":"202603202029483692BBD1821E35408658"},"statu
2026-03-20T19:29:52 [api.user_posts] uri=/aweme/v1/web/aweme/post/ status=200 response_preview={"status_code":0,"min_cursor":0,"max_cursor":1769506336000,"has_more":1,"aweme_list":[{"aweme_id":"7263488937665006905","desc":"#中国好声音2023 #可楼 #我的美丽 \n感恩所有人🙏♥️😭
2026-03-20T19:29:52 [profile.fetch] profile_input=https://www.douyin.com/user/MS4wLjABAAAAfSxBYimoCmZ8PjEV0yd0ETo9gZHW9DJCHO0arjojTuQ?from_tab_name=main&vid=7605918067663872366 sec_user_id=MS4wLjABAAAAfSxBYimoCmZ8PjEV0yd0ETo9gZHW9DJCHO0arjojTuQ start=1 count=20 returned=20 has_more=True
2026-03-20T19:30:04 [api.user_profile] uri=/aweme/v1/web/user/profile/other/ status=200 response_preview={"extra":{"fatal_item_ids":[],"logid":"20260320203002102E95BBB78633574E29","now":1774009802000},"log_pb":{"impr_id":"20260320203002102E95BBB78633574E29"},"statu
2026-03-20T19:30:06 [api.user_posts] uri=/aweme/v1/web/aweme/post/ status=200 response_preview={"status_code":0,"min_cursor":0,"max_cursor":1768391399000,"has_more":1,"aweme_list":[{"aweme_id":"7597793810105655962","desc":"我的爱 是青苹果的心脏\n（灵感来源：兰月亮）#手搓粉彩风转场来
2026-03-20T19:30:06 [profile.fetch] profile_input=https://www.douyin.com/user/MS4wLjABAAAAoctrW5qzQp6h2H32mRKenXU_0-cmgjgOxIc768mlwjqKVjQbFdD1NeEzi2TMbGM0?from_tab_name=main&vid=7616664549499911538 sec_user_id=MS4wLjABAAAAoctrW5qzQp6h2H32mRKenXU_0-cmgjgOxIc768mlwjqKVjQbFdD1NeEzi2TMbGM0 start=1 count=20 returned=20 has_more=True
2026-03-20T19:30:17 [download.refresh] detail_id=7617069951253739402 media_url=https://lf9-music-east.douyinstatic.com/obj/ies-music-hj/7611732622519274277.mp3 image_count=1 output_dir=C:\Users\Thach\AppData\Local\Temp\dyd_preview_gmtvmzln
2026-03-20T19:30:19 [download.media.response] detail_id=7617069951253739402 media_url=https://lf9-music-east.douyinstatic.com/obj/ies-music-hj/7611732622519274277.mp3 response_url=https://lf9-music-east.douyinstatic.com/obj/ies-music-hj/7611732622519274277.mp3 status=200 content_type=audio/mpeg
2026-03-20T19:30:19 [download.media.body] detail_id=7617069951253739402 bytes=385430
2026-03-20T19:30:19 [download.media.saved] detail_id=7617069951253739402 path=C:\Users\Thach\AppData\Local\Temp\dyd_preview_gmtvmzln\放轻松 世界有浮力.mp3 bytes=385430
2026-03-20T19:32:57 [browser.launch] channel=chrome
2026-03-20T19:33:01 [api.user_profile] uri=/aweme/v1/web/user/profile/other/ status=200 response_preview={"extra":{"fatal_item_ids":[],"logid":"2026032020325854A92407415CBA153292","now":1774009979000},"log_pb":{"impr_id":"2026032020325854A92407415CBA153292"},"statu
2026-03-20T19:33:03 [api.user_posts] uri=/aweme/v1/web/aweme/post/ status=200 response_preview={"status_code":0,"min_cursor":0,"max_cursor":1768391399000,"has_more":1,"aweme_list":[{"aweme_id":"7597793810105655962","desc":"我的爱 是青苹果的心脏\n（灵感来源：兰月亮）#手搓粉彩风转场来
2026-03-20T19:33:03 [profile.fetch] profile_input=https://www.douyin.com/user/MS4wLjABAAAAoctrW5qzQp6h2H32mRKenXU_0-cmgjgOxIc768mlwjqKVjQbFdD1NeEzi2TMbGM0?from_tab_name=main&vid=7616664549499911538 sec_user_id=MS4wLjABAAAAoctrW5qzQp6h2H32mRKenXU_0-cmgjgOxIc768mlwjqKVjQbFdD1NeEzi2TMbGM0 start=1 count=20 returned=20 has_more=True
2026-03-20T19:33:06 [download.refresh] detail_id=7617069951253739402 media_url=https://lf26-music-east.douyinstatic.com/obj/ies-music-hj/7611732622519274277.mp3 image_count=1 output_dir=C:\Users\Thach\AppData\Local\Temp\dyd_preview_c589ibi6
2026-03-20T19:33:09 [download.media.response] detail_id=7617069951253739402 media_url=https://lf26-music-east.douyinstatic.com/obj/ies-music-hj/7611732622519274277.mp3 response_url=https://lf26-music-east.douyinstatic.com/obj/ies-music-hj/7611732622519274277.mp3 status=200 content_type=audio/mpeg
2026-03-20T19:33:09 [download.media.body] detail_id=7617069951253739402 bytes=385430
2026-03-20T19:33:09 [download.media.saved] detail_id=7617069951253739402 path=C:\Users\Thach\AppData\Local\Temp\dyd_preview_c589ibi6\放轻松 世界有浮力.mp3 bytes=385430
2026-03-20T19:44:22 [browser.launch] channel=chrome
2026-03-20T19:44:25 [api.user_profile] uri=/aweme/v1/web/user/profile/other/ status=200 response_preview={"extra":{"fatal_item_ids":[],"logid":"202603202044238A9221A29816DB9CE64A","now":1774010663000},"log_pb":{"impr_id":"202603202044238A9221A29816DB9CE64A"},"statu
2026-03-20T19:44:27 [api.user_posts] uri=/aweme/v1/web/aweme/post/ status=200 response_preview={"status_code":0,"min_cursor":0,"max_cursor":1768391399000,"has_more":1,"aweme_list":[{"aweme_id":"7597793810105655962","desc":"我的爱 是青苹果的心脏\n（灵感来源：兰月亮）#手搓粉彩风转场来
2026-03-20T19:44:27 [profile.fetch] profile_input=https://www.douyin.com/user/MS4wLjABAAAAoctrW5qzQp6h2H32mRKenXU_0-cmgjgOxIc768mlwjqKVjQbFdD1NeEzi2TMbGM0?from_tab_name=main&vid=7616664549499911538 sec_user_id=MS4wLjABAAAAoctrW5qzQp6h2H32mRKenXU_0-cmgjgOxIc768mlwjqKVjQbFdD1NeEzi2TMbGM0 start=1 count=20 returned=20 has_more=True
2026-03-20T19:44:28 [api.user_profile] uri=/aweme/v1/web/user/profile/other/ status=200 response_preview={"extra":{"fatal_item_ids":[],"logid":"20260320204426FCC2C7674227565378E8","now":1774010666000},"log_pb":{"impr_id":"20260320204426FCC2C7674227565378E8"},"statu
2026-03-20T19:44:31 [api.user_posts] uri=/aweme/v1/web/aweme/post/ status=200 response_preview={"status_code":0,"min_cursor":0,"max_cursor":1768391399000,"has_more":1,"aweme_list":[{"aweme_id":"7597793810105655962","desc":"我的爱 是青苹果的心脏\n（灵感来源：兰月亮）#手搓粉彩风转场来
2026-03-20T19:44:33 [api.user_posts] uri=/aweme/v1/web/aweme/post/ status=200 response_preview={"status_code":0,"min_cursor":1768034334000,"max_cursor":1763784643000,"has_more":1,"aweme_list":[{"aweme_id":"7593649641368251849","desc":"出门考察世界！\n#暖冬citywalk
2026-03-20T19:44:33 [profile.fetch] profile_input=https://www.douyin.com/user/MS4wLjABAAAAoctrW5qzQp6h2H32mRKenXU_0-cmgjgOxIc768mlwjqKVjQbFdD1NeEzi2TMbGM0?from_tab_name=main&vid=7616664549499911538 sec_user_id=MS4wLjABAAAAoctrW5qzQp6h2H32mRKenXU_0-cmgjgOxIc768mlwjqKVjQbFdD1NeEzi2TMbGM0 start=21 count=20 returned=20 has_more=True
2026-03-20T19:44:34 [api.user_profile] uri=/aweme/v1/web/user/profile/other/ status=200 response_preview={"extra":{"fatal_item_ids":[],"logid":"20260320204432DA9B77127834AE1429A5","now":1774010672000},"log_pb":{"impr_id":"20260320204432DA9B77127834AE1429A5"},"statu
2026-03-20T19:44:36 [api.user_posts] uri=/aweme/v1/web/aweme/post/ status=200 response_preview={"status_code":0,"min_cursor":0,"max_cursor":1768391399000,"has_more":1,"aweme_list":[{"aweme_id":"7597793810105655962","desc":"我的爱 是青苹果的心脏\n（灵感来源：兰月亮）#手搓粉彩风转场来
2026-03-20T19:44:38 [api.user_posts] uri=/aweme/v1/web/aweme/post/ status=200 response_preview={"status_code":0,"min_cursor":1768034334000,"max_cursor":1763784643000,"has_more":1,"aweme_list":[{"aweme_id":"7593649641368251849","desc":"出门考察世界！\n#暖冬citywalk
2026-03-20T19:44:38 [profile.fetch] profile_input=https://www.douyin.com/user/MS4wLjABAAAAoctrW5qzQp6h2H32mRKenXU_0-cmgjgOxIc768mlwjqKVjQbFdD1NeEzi2TMbGM0?from_tab_name=main&vid=7616664549499911538 sec_user_id=MS4wLjABAAAAoctrW5qzQp6h2H32mRKenXU_0-cmgjgOxIc768mlwjqKVjQbFdD1NeEzi2TMbGM0 start=21 count=20 returned=20 has_more=True
2026-03-20T19:46:12 [api.user_profile] uri=/aweme/v1/web/user/profile/other/ status=200 response_preview={"extra":{"fatal_item_ids":[],"logid":"20260320204610058C5FC97D9F2552F6C3","now":1774010770000},"log_pb":{"impr_id":"20260320204610058C5FC97D9F2552F6C3"},"statu
2026-03-20T19:46:13 [api.user_posts] uri=/aweme/v1/web/aweme/post/ status=200 response_preview={"status_code":0,"min_cursor":0,"max_cursor":1768391399000,"has_more":1,"aweme_list":[{"aweme_id":"7597793810105655962","desc":"我的爱 是青苹果的心脏\n（灵感来源：兰月亮）#手搓粉彩风转场来
2026-03-20T19:46:15 [api.user_posts] uri=/aweme/v1/web/aweme/post/ status=200 response_preview={"status_code":0,"min_cursor":1768034334000,"max_cursor":1763784643000,"has_more":1,"aweme_list":[{"aweme_id":"7593649641368251849","desc":"出门考察世界！\n#暖冬citywalk
2026-03-20T19:46:17 [api.user_posts] uri=/aweme/v1/web/aweme/post/ status=200 response_preview={"status_code":0,"min_cursor":1763473557000,"max_cursor":1758983939000,"has_more":1,"aweme_list":[{"aweme_id":"7574061215799203826","desc":"你说话淡淡的 闻起来淡淡的 声音也淡淡的
2026-03-20T19:46:17 [profile.fetch] profile_input=https://www.douyin.com/user/MS4wLjABAAAAoctrW5qzQp6h2H32mRKenXU_0-cmgjgOxIc768mlwjqKVjQbFdD1NeEzi2TMbGM0?from_tab_name=main&vid=7616664549499911538 sec_user_id=MS4wLjABAAAAoctrW5qzQp6h2H32mRKenXU_0-cmgjgOxIc768mlwjqKVjQbFdD1NeEzi2TMbGM0 start=41 count=20 returned=20 has_more=True
2026-03-20T19:46:18 [api.user_profile] uri=/aweme/v1/web/user/profile/other/ status=200 response_preview={"extra":{"fatal_item_ids":[],"logid":"20260320204616CDE5FB38DE824A5DE7A3","now":1774010776000},"log_pb":{"impr_id":"20260320204616CDE5FB38DE824A5DE7A3"},"statu
2026-03-20T19:46:20 [api.user_posts] uri=/aweme/v1/web/aweme/post/ status=200 response_preview={"status_code":0,"min_cursor":0,"max_cursor":1768391399000,"has_more":1,"aweme_list":[{"aweme_id":"7597793810105655962","desc":"我的爱 是青苹果的心脏\n（灵感来源：兰月亮）#手搓粉彩风转场来
2026-03-20T19:46:21 [api.user_posts] uri=/aweme/v1/web/aweme/post/ status=200 response_preview={"status_code":0,"min_cursor":1768034334000,"max_cursor":1763784643000,"has_more":1,"aweme_list":[{"aweme_id":"7593649641368251849","desc":"出门考察世界！\n#暖冬citywalk
2026-03-20T19:46:24 [api.user_posts] uri=/aweme/v1/web/aweme/post/ status=200 response_preview={"status_code":0,"min_cursor":1763473557000,"max_cursor":1758983939000,"has_more":1,"aweme_list":[{"aweme_id":"7574061215799203826","desc":"你说话淡淡的 闻起来淡淡的 声音也淡淡的
2026-03-20T19:46:24 [profile.fetch] profile_input=https://www.douyin.com/user/MS4wLjABAAAAoctrW5qzQp6h2H32mRKenXU_0-cmgjgOxIc768mlwjqKVjQbFdD1NeEzi2TMbGM0?from_tab_name=main&vid=7616664549499911538 sec_user_id=MS4wLjABAAAAoctrW5qzQp6h2H32mRKenXU_0-cmgjgOxIc768mlwjqKVjQbFdD1NeEzi2TMbGM0 start=41 count=20 returned=20 has_more=True
2026-03-20T19:59:03 [browser.launch] channel=chrome
2026-03-20T19:59:06 [api.user_profile] uri=/aweme/v1/web/user/profile/other/ status=200 response_preview={"extra":{"fatal_item_ids":[],"logid":"20260320205904476C70B39701F3691429","now":1774011544000},"log_pb":{"impr_id":"20260320205904476C70B39701F3691429"},"statu
2026-03-20T19:59:08 [api.user_posts] uri=/aweme/v1/web/aweme/post/ status=200 response_preview={"status_code":0,"min_cursor":0,"max_cursor":1768391399000,"has_more":1,"aweme_list":[{"aweme_id":"7597793810105655962","desc":"我的爱 是青苹果的心脏\n（灵感来源：兰月亮）#手搓粉彩风转场来
2026-03-20T19:59:08 [profile.fetch] profile_input=https://www.douyin.com/user/MS4wLjABAAAAoctrW5qzQp6h2H32mRKenXU_0-cmgjgOxIc768mlwjqKVjQbFdD1NeEzi2TMbGM0?from_tab_name=main&vid=7616664549499911538 sec_user_id=MS4wLjABAAAAoctrW5qzQp6h2H32mRKenXU_0-cmgjgOxIc768mlwjqKVjQbFdD1NeEzi2TMbGM0 start=1 count=20 returned=20 has_more=True
2026-03-20T19:59:09 [api.user_profile] uri=/aweme/v1/web/user/profile/other/ status=200 response_preview={"extra":{"fatal_item_ids":[],"logid":"202603202059076B2215719926B46312A6","now":1774011547000},"log_pb":{"impr_id":"202603202059076B2215719926B46312A6"},"statu
2026-03-20T19:59:11 [api.user_posts] uri=/aweme/v1/web/aweme/post/ status=200 response_preview={"status_code":0,"min_cursor":0,"max_cursor":1768391399000,"has_more":1,"aweme_list":[{"aweme_id":"7597793810105655962","desc":"我的爱 是青苹果的心脏\n（灵感来源：兰月亮）#手搓粉彩风转场来
2026-03-20T19:59:13 [api.user_posts] uri=/aweme/v1/web/aweme/post/ status=200 response_preview={"status_code":0,"min_cursor":1768034334000,"max_cursor":1763784643000,"has_more":1,"aweme_list":[{"aweme_id":"7593649641368251849","desc":"出门考察世界！\n#暖冬citywalk
2026-03-20T19:59:13 [profile.fetch] profile_input=https://www.douyin.com/user/MS4wLjABAAAAoctrW5qzQp6h2H32mRKenXU_0-cmgjgOxIc768mlwjqKVjQbFdD1NeEzi2TMbGM0?from_tab_name=main&vid=7616664549499911538 sec_user_id=MS4wLjABAAAAoctrW5qzQp6h2H32mRKenXU_0-cmgjgOxIc768mlwjqKVjQbFdD1NeEzi2TMbGM0 start=21 count=20 returned=20 has_more=True
2026-03-20T19:59:21 [api.user_profile] uri=/aweme/v1/web/user/profile/other/ status=200 response_preview={"extra":{"fatal_item_ids":[],"logid":"20260320205919936EA4812ED0AB41A74F","now":1774011559000},"log_pb":{"impr_id":"20260320205919936EA4812ED0AB41A74F"},"statu
2026-03-20T19:59:23 [api.user_posts] uri=/aweme/v1/web/aweme/post/ status=200 response_preview={"status_code":0,"min_cursor":0,"max_cursor":1768391399000,"has_more":1,"aweme_list":[{"aweme_id":"7597793810105655962","desc":"我的爱 是青苹果的心脏\n（灵感来源：兰月亮）#手搓粉彩风转场来
2026-03-20T19:59:25 [api.user_posts] uri=/aweme/v1/web/aweme/post/ status=200 response_preview={"status_code":0,"min_cursor":1768034334000,"max_cursor":1763784643000,"has_more":1,"aweme_list":[{"aweme_id":"7593649641368251849","desc":"出门考察世界！\n#暖冬citywalk
2026-03-20T19:59:27 [api.user_posts] uri=/aweme/v1/web/aweme/post/ status=200 response_preview={"status_code":0,"min_cursor":1763473557000,"max_cursor":1758983939000,"has_more":1,"aweme_list":[{"aweme_id":"7574061215799203826","desc":"你说话淡淡的 闻起来淡淡的 声音也淡淡的
2026-03-20T19:59:27 [profile.fetch] profile_input=https://www.douyin.com/user/MS4wLjABAAAAoctrW5qzQp6h2H32mRKenXU_0-cmgjgOxIc768mlwjqKVjQbFdD1NeEzi2TMbGM0?from_tab_name=main&vid=7616664549499911538 sec_user_id=MS4wLjABAAAAoctrW5qzQp6h2H32mRKenXU_0-cmgjgOxIc768mlwjqKVjQbFdD1NeEzi2TMbGM0 start=41 count=20 returned=20 has_more=True
2026-03-20T19:59:28 [api.user_profile] uri=/aweme/v1/web/user/profile/other/ status=200 response_preview={"extra":{"fatal_item_ids":[],"logid":"20260320205926A16C1A916A7E355B41AE","now":1774011566000},"log_pb":{"impr_id":"20260320205926A16C1A916A7E355B41AE"},"statu
2026-03-20T19:59:29 [api.user_posts] uri=/aweme/v1/web/aweme/post/ status=200 response_preview={"status_code":0,"min_cursor":0,"max_cursor":1768391399000,"has_more":1,"aweme_list":[{"aweme_id":"7597793810105655962","desc":"我的爱 是青苹果的心脏\n（灵感来源：兰月亮）#手搓粉彩风转场来
2026-03-20T19:59:31 [api.user_posts] uri=/aweme/v1/web/aweme/post/ status=200 response_preview={"status_code":0,"min_cursor":1768034334000,"max_cursor":1763784643000,"has_more":1,"aweme_list":[{"aweme_id":"7593649641368251849","desc":"出门考察世界！\n#暖冬citywalk
2026-03-20T19:59:32 [api.user_posts] uri=/aweme/v1/web/aweme/post/ status=200 response_preview={"status_code":0,"min_cursor":1763473557000,"max_cursor":1758983939000,"has_more":1,"aweme_list":[{"aweme_id":"7574061215799203826","desc":"你说话淡淡的 闻起来淡淡的 声音也淡淡的
2026-03-20T19:59:32 [profile.fetch] profile_input=https://www.douyin.com/user/MS4wLjABAAAAoctrW5qzQp6h2H32mRKenXU_0-cmgjgOxIc768mlwjqKVjQbFdD1NeEzi2TMbGM0?from_tab_name=main&vid=7616664549499911538 sec_user_id=MS4wLjABAAAAoctrW5qzQp6h2H32mRKenXU_0-cmgjgOxIc768mlwjqKVjQbFdD1NeEzi2TMbGM0 start=41 count=20 returned=20 has_more=True
2026-03-20T20:01:07 [browser.launch] channel=chrome
2026-03-20T20:01:09 [download.refresh] detail_id=7588347666011538030 media_url=https://www.douyin.com/aweme/v1/play/?video_id=v0d00fg10000d57jj1fog65ipl5o6ekg&line=0&file_id=5a0c3ee9c98949d3847caeff7e92b9a1&sign=fc0ba6a6b24100284a2af5eb13fc0a3e&is_play_url=1&source=PackSourceEnum_PUBLISH image_count=0 output_dir=C:\Users\Thach\AppData\Local\Temp\dyd_preview_494m5kp9
2026-03-20T20:01:11 [download.media.response] detail_id=7588347666011538030 media_url=https://www.douyin.com/aweme/v1/play/?video_id=v0d00fg10000d57jj1fog65ipl5o6ekg&line=0&file_id=5a0c3ee9c98949d3847caeff7e92b9a1&sign=fc0ba6a6b24100284a2af5eb13fc0a3e&is_play_url=1&source=PackSourceEnum_PUBLISH response_url=https://v11-o.douyinvod.com/0f00db7ff4040f1d7525d221a1cc919e/69bd533d/video/tos/cn/tos-cn-ve-15/oAl5nBpTEANCzOQAyAOipDzHiIReg6iu0PBUpf/?a=1128&ch=0&cr=0&dr=0&er=0&cd=0%7C0%7C0%7C0&cv=1&br=2568&bt=2568&cs=0&ds=6&ft=elc... status=200 content_type=video/mp4
2026-03-20T20:01:12 [download.media.body] detail_id=7588347666011538030 bytes=8295110
2026-03-20T20:01:12 [download.media.saved] detail_id=7588347666011538030 path=C:\Users\Thach\AppData\Local\Temp\dyd_preview_494m5kp9\喜欢一个人是觉得她可爱开始的^ω^.mp4 bytes=8295110
2026-03-20T20:07:52 [browser.launch] channel=chrome
2026-03-20T20:07:55 [api.user_profile] uri=/aweme/v1/web/user/profile/other/ status=200 response_preview={"extra":{"fatal_item_ids":[],"logid":"202603202107533D86F48D96B89B870D7E","now":1774012073000},"log_pb":{"impr_id":"202603202107533D86F48D96B89B870D7E"},"statu
2026-03-20T20:07:57 [api.user_posts] uri=/aweme/v1/web/aweme/post/ status=200 response_preview={"status_code":0,"min_cursor":0,"max_cursor":1768391399000,"has_more":1,"aweme_list":[{"aweme_id":"7597793810105655962","desc":"我的爱 是青苹果的心脏\n（灵感来源：兰月亮）#手搓粉彩风转场来
2026-03-20T20:07:59 [api.user_posts] uri=/aweme/v1/web/aweme/post/ status=200 response_preview={"status_code":0,"min_cursor":1768034334000,"max_cursor":1763784643000,"has_more":1,"aweme_list":[{"aweme_id":"7593649641368251849","desc":"出门考察世界！\n#暖冬citywalk
2026-03-20T20:08:01 [api.user_posts] uri=/aweme/v1/web/aweme/post/ status=200 response_preview={"status_code":0,"min_cursor":1763473557000,"max_cursor":1758983939000,"has_more":1,"aweme_list":[{"aweme_id":"7574061215799203826","desc":"你说话淡淡的 闻起来淡淡的 声音也淡淡的
2026-03-20T20:08:02 [api.user_posts] uri=/aweme/v1/web/aweme/post/ status=200 response_preview={"status_code":0,"min_cursor":1758544277000,"max_cursor":1753597479000,"has_more":1,"aweme_list":[{"aweme_id":"7552890149492346152","desc":"中华小当家\n#抖音创作者大会 #hel
2026-03-20T20:08:02 [profile.fetch] profile_input=https://www.douyin.com/user/MS4wLjABAAAAoctrW5qzQp6h2H32mRKenXU_0-cmgjgOxIc768mlwjqKVjQbFdD1NeEzi2TMbGM0?from_tab_name=main&vid=7616664549499911538 sec_user_id=MS4wLjABAAAAoctrW5qzQp6h2H32mRKenXU_0-cmgjgOxIc768mlwjqKVjQbFdD1NeEzi2TMbGM0 start=61 count=20 returned=20 has_more=True
2026-03-20T20:13:05 [browser.launch] channel=chrome
2026-03-20T20:13:08 [api.user_profile] uri=/aweme/v1/web/user/profile/other/ status=200 response_preview={"extra":{"fatal_item_ids":[],"logid":"2026032021130698A1850C51901C677BAD","now":1774012386000},"log_pb":{"impr_id":"2026032021130698A1850C51901C677BAD"},"statu
2026-03-20T20:13:10 [api.user_posts] uri=/aweme/v1/web/aweme/post/ status=200 response_preview={"status_code":0,"min_cursor":0,"max_cursor":1768391399000,"has_more":1,"aweme_list":[{"aweme_id":"7597793810105655962","desc":"我的爱 是青苹果的心脏\n（灵感来源：兰月亮）#手搓粉彩风转场来
2026-03-20T20:13:10 [profile.fetch] profile_input=https://www.douyin.com/user/MS4wLjABAAAAoctrW5qzQp6h2H32mRKenXU_0-cmgjgOxIc768mlwjqKVjQbFdD1NeEzi2TMbGM0?from_tab_name=main&vid=7616664549499911538 sec_user_id=MS4wLjABAAAAoctrW5qzQp6h2H32mRKenXU_0-cmgjgOxIc768mlwjqKVjQbFdD1NeEzi2TMbGM0 start=1 count=20 returned=20 has_more=True
2026-03-20T20:13:12 [api.user_profile] uri=/aweme/v1/web/user/profile/other/ status=200 response_preview={"extra":{"fatal_item_ids":[],"logid":"202603202113107044C3B6D5114D65D6FA","now":1774012390000},"log_pb":{"impr_id":"202603202113107044C3B6D5114D65D6FA"},"statu
2026-03-20T20:13:15 [api.user_posts] uri=/aweme/v1/web/aweme/post/ status=200 response_preview={"status_code":0,"min_cursor":0,"max_cursor":1768391399000,"has_more":1,"aweme_list":[{"aweme_id":"7597793810105655962","desc":"我的爱 是青苹果的心脏\n（灵感来源：兰月亮）#手搓粉彩风转场来
2026-03-20T20:13:19 [api.user_posts] uri=/aweme/v1/web/aweme/post/ status=200 response_preview={"status_code":0,"min_cursor":1768034334000,"max_cursor":1763784643000,"has_more":1,"aweme_list":[{"aweme_id":"7593649641368251849","desc":"出门考察世界！\n#暖冬citywalk
2026-03-20T20:13:19 [profile.fetch] profile_input=https://www.douyin.com/user/MS4wLjABAAAAoctrW5qzQp6h2H32mRKenXU_0-cmgjgOxIc768mlwjqKVjQbFdD1NeEzi2TMbGM0?from_tab_name=main&vid=7616664549499911538 sec_user_id=MS4wLjABAAAAoctrW5qzQp6h2H32mRKenXU_0-cmgjgOxIc768mlwjqKVjQbFdD1NeEzi2TMbGM0 start=21 count=20 returned=20 has_more=True
2026-03-20T20:13:21 [api.user_profile] uri=/aweme/v1/web/user/profile/other/ status=200 response_preview={"extra":{"fatal_item_ids":[],"logid":"20260320211318329A503B34B2C545E5F4","now":1774012399000},"log_pb":{"impr_id":"20260320211318329A503B34B2C545E5F4"},"statu
2026-03-20T20:13:27 [api.user_posts] uri=/aweme/v1/web/aweme/post/ status=200 response_preview={"status_code":0,"min_cursor":0,"max_cursor":1768391399000,"has_more":1,"aweme_list":[{"aweme_id":"7597793810105655962","desc":"我的爱 是青苹果的心脏\n（灵感来源：兰月亮）#手搓粉彩风转场来
2026-03-20T20:13:29 [api.user_posts] uri=/aweme/v1/web/aweme/post/ status=200 response_preview={"status_code":0,"min_cursor":1768034334000,"max_cursor":1763784643000,"has_more":1,"aweme_list":[{"aweme_id":"7593649641368251849","desc":"出门考察世界！\n#暖冬citywalk
2026-03-20T20:13:29 [profile.fetch] profile_input=https://www.douyin.com/user/MS4wLjABAAAAoctrW5qzQp6h2H32mRKenXU_0-cmgjgOxIc768mlwjqKVjQbFdD1NeEzi2TMbGM0?from_tab_name=main&vid=7616664549499911538 sec_user_id=MS4wLjABAAAAoctrW5qzQp6h2H32mRKenXU_0-cmgjgOxIc768mlwjqKVjQbFdD1NeEzi2TMbGM0 start=21 count=20 returned=20 has_more=True
2026-03-20T20:13:30 [api.user_profile] uri=/aweme/v1/web/user/profile/other/ status=200 response_preview={"extra":{"fatal_item_ids":[],"logid":"202603202113282577A8C4CDFDFB61741B","now":1774012408000},"log_pb":{"impr_id":"202603202113282577A8C4CDFDFB61741B"},"statu
2026-03-20T20:13:33 [api.user_posts] uri=/aweme/v1/web/aweme/post/ status=200 response_preview={"status_code":0,"min_cursor":0,"max_cursor":1768391399000,"has_more":1,"aweme_list":[{"aweme_id":"7597793810105655962","desc":"我的爱 是青苹果的心脏\n（灵感来源：兰月亮）#手搓粉彩风转场来
2026-03-20T20:13:35 [api.user_posts] uri=/aweme/v1/web/aweme/post/ status=200 response_preview={"status_code":0,"min_cursor":1768034334000,"max_cursor":1763784643000,"has_more":1,"aweme_list":[{"aweme_id":"7593649641368251849","desc":"出门考察世界！\n#暖冬citywalk
2026-03-20T20:13:38 [api.user_posts] uri=/aweme/v1/web/aweme/post/ status=200 response_preview={"status_code":0,"min_cursor":1763473557000,"max_cursor":1758983939000,"has_more":1,"aweme_list":[{"aweme_id":"7574061215799203826","desc":"你说话淡淡的 闻起来淡淡的 声音也淡淡的
2026-03-20T20:13:38 [profile.fetch] profile_input=https://www.douyin.com/user/MS4wLjABAAAAoctrW5qzQp6h2H32mRKenXU_0-cmgjgOxIc768mlwjqKVjQbFdD1NeEzi2TMbGM0?from_tab_name=main&vid=7616664549499911538 sec_user_id=MS4wLjABAAAAoctrW5qzQp6h2H32mRKenXU_0-cmgjgOxIc768mlwjqKVjQbFdD1NeEzi2TMbGM0 start=41 count=20 returned=20 has_more=True
2026-03-20T20:13:39 [api.user_profile] uri=/aweme/v1/web/user/profile/other/ status=200 response_preview={"extra":{"fatal_item_ids":[],"logid":"20260320211337693D4C6C0E20C072641D","now":1774012417000},"log_pb":{"impr_id":"20260320211337693D4C6C0E20C072641D"},"statu
2026-03-20T20:13:41 [api.user_posts] uri=/aweme/v1/web/aweme/post/ status=200 response_preview={"status_code":0,"min_cursor":0,"max_cursor":1768391399000,"has_more":1,"aweme_list":[{"aweme_id":"7597793810105655962","desc":"我的爱 是青苹果的心脏\n（灵感来源：兰月亮）#手搓粉彩风转场来
2026-03-20T20:13:43 [api.user_posts] uri=/aweme/v1/web/aweme/post/ status=200 response_preview={"status_code":0,"min_cursor":1768034334000,"max_cursor":1763784643000,"has_more":1,"aweme_list":[{"aweme_id":"7593649641368251849","desc":"出门考察世界！\n#暖冬citywalk
2026-03-20T20:13:45 [api.user_posts] uri=/aweme/v1/web/aweme/post/ status=200 response_preview={"status_code":0,"min_cursor":1763473557000,"max_cursor":1758983939000,"has_more":1,"aweme_list":[{"aweme_id":"7574061215799203826","desc":"你说话淡淡的 闻起来淡淡的 声音也淡淡的
2026-03-20T20:13:45 [profile.fetch] profile_input=https://www.douyin.com/user/MS4wLjABAAAAoctrW5qzQp6h2H32mRKenXU_0-cmgjgOxIc768mlwjqKVjQbFdD1NeEzi2TMbGM0?from_tab_name=main&vid=7616664549499911538 sec_user_id=MS4wLjABAAAAoctrW5qzQp6h2H32mRKenXU_0-cmgjgOxIc768mlwjqKVjQbFdD1NeEzi2TMbGM0 start=41 count=20 returned=20 has_more=True
2026-03-20T20:13:49 [api.user_profile] uri=/aweme/v1/web/user/profile/other/ status=200 response_preview={"extra":{"fatal_item_ids":[],"logid":"20260320211347109E32F11150E8609C2F","now":1774012427000},"log_pb":{"impr_id":"20260320211347109E32F11150E8609C2F"},"statu
2026-03-20T20:13:51 [api.user_posts] uri=/aweme/v1/web/aweme/post/ status=200 response_preview={"status_code":0,"min_cursor":0,"max_cursor":1768391399000,"has_more":1,"aweme_list":[{"aweme_id":"7597793810105655962","desc":"我的爱 是青苹果的心脏\n（灵感来源：兰月亮）#手搓粉彩风转场来
2026-03-20T20:13:53 [api.user_posts] uri=/aweme/v1/web/aweme/post/ status=200 response_preview={"status_code":0,"min_cursor":1768034334000,"max_cursor":1763784643000,"has_more":1,"aweme_list":[{"aweme_id":"7593649641368251849","desc":"出门考察世界！\n#暖冬citywalk
2026-03-20T20:13:55 [api.user_posts] uri=/aweme/v1/web/aweme/post/ status=200 response_preview={"status_code":0,"min_cursor":1763473557000,"max_cursor":1758983939000,"has_more":1,"aweme_list":[{"aweme_id":"7574061215799203826","desc":"你说话淡淡的 闻起来淡淡的 声音也淡淡的
2026-03-20T20:13:58 [api.user_posts] uri=/aweme/v1/web/aweme/post/ status=200 response_preview={"status_code":0,"min_cursor":1758544277000,"max_cursor":1753597479000,"has_more":1,"aweme_list":[{"aweme_id":"7552890149492346152","desc":"中华小当家\n#抖音创作者大会 #hel
2026-03-20T20:13:58 [profile.fetch] profile_input=https://www.douyin.com/user/MS4wLjABAAAAoctrW5qzQp6h2H32mRKenXU_0-cmgjgOxIc768mlwjqKVjQbFdD1NeEzi2TMbGM0?from_tab_name=main&vid=7616664549499911538 sec_user_id=MS4wLjABAAAAoctrW5qzQp6h2H32mRKenXU_0-cmgjgOxIc768mlwjqKVjQbFdD1NeEzi2TMbGM0 start=61 count=20 returned=20 has_more=True
2026-03-20T20:13:59 [api.user_profile] uri=/aweme/v1/web/user/profile/other/ status=200 response_preview={"extra":{"fatal_item_ids":[],"logid":"202603202113575D12A8B8ED4F8F5D0BA6","now":1774012437000},"log_pb":{"impr_id":"202603202113575D12A8B8ED4F8F5D0BA6"},"statu
2026-03-20T20:14:02 [api.user_posts] uri=/aweme/v1/web/aweme/post/ status=200 response_preview={"status_code":0,"min_cursor":0,"max_cursor":1768391399000,"has_more":1,"aweme_list":[{"aweme_id":"7597793810105655962","desc":"我的爱 是青苹果的心脏\n（灵感来源：兰月亮）#手搓粉彩风转场来
2026-03-20T20:14:04 [api.user_posts] uri=/aweme/v1/web/aweme/post/ status=200 response_preview={"status_code":0,"min_cursor":1768034334000,"max_cursor":1763784643000,"has_more":1,"aweme_list":[{"aweme_id":"7593649641368251849","desc":"出门考察世界！\n#暖冬citywalk
2026-03-20T20:14:06 [api.user_posts] uri=/aweme/v1/web/aweme/post/ status=200 response_preview={"status_code":0,"min_cursor":1763473557000,"max_cursor":1758983939000,"has_more":1,"aweme_list":[{"aweme_id":"7574061215799203826","desc":"你说话淡淡的 闻起来淡淡的 声音也淡淡的
2026-03-20T20:14:08 [api.user_posts] uri=/aweme/v1/web/aweme/post/ status=200 response_preview={"status_code":0,"min_cursor":1758544277000,"max_cursor":1753597479000,"has_more":1,"aweme_list":[{"aweme_id":"7552890149492346152","desc":"中华小当家\n#抖音创作者大会 #hel
2026-03-20T20:14:08 [profile.fetch] profile_input=https://www.douyin.com/user/MS4wLjABAAAAoctrW5qzQp6h2H32mRKenXU_0-cmgjgOxIc768mlwjqKVjQbFdD1NeEzi2TMbGM0?from_tab_name=main&vid=7616664549499911538 sec_user_id=MS4wLjABAAAAoctrW5qzQp6h2H32mRKenXU_0-cmgjgOxIc768mlwjqKVjQbFdD1NeEzi2TMbGM0 start=61 count=20 returned=20 has_more=True
2026-03-20T20:14:15 [api.user_profile] uri=/aweme/v1/web/user/profile/other/ status=200 response_preview={"extra":{"fatal_item_ids":[],"logid":"202603202114139C72917D9B6A2D5EF785","now":1774012453000},"log_pb":{"impr_id":"202603202114139C72917D9B6A2D5EF785"},"statu
2026-03-20T20:14:17 [api.user_posts] uri=/aweme/v1/web/aweme/post/ status=200 response_preview={"status_code":0,"min_cursor":0,"max_cursor":1768391399000,"has_more":1,"aweme_list":[{"aweme_id":"7597793810105655962","desc":"我的爱 是青苹果的心脏\n（灵感来源：兰月亮）#手搓粉彩风转场来
2026-03-20T20:14:19 [api.user_posts] uri=/aweme/v1/web/aweme/post/ status=200 response_preview={"status_code":0,"min_cursor":1768034334000,"max_cursor":1763784643000,"has_more":1,"aweme_list":[{"aweme_id":"7593649641368251849","desc":"出门考察世界！\n#暖冬citywalk
2026-03-20T20:14:22 [api.user_posts] uri=/aweme/v1/web/aweme/post/ status=200 response_preview={"status_code":0,"min_cursor":1763473557000,"max_cursor":1758983939000,"has_more":1,"aweme_list":[{"aweme_id":"7574061215799203826","desc":"你说话淡淡的 闻起来淡淡的 声音也淡淡的
2026-03-20T20:14:23 [api.user_posts] uri=/aweme/v1/web/aweme/post/ status=200 response_preview={"status_code":0,"min_cursor":1758544277000,"max_cursor":1753597479000,"has_more":1,"aweme_list":[{"aweme_id":"7552890149492346152","desc":"中华小当家\n#抖音创作者大会 #hel
2026-03-20T20:14:26 [api.user_posts] uri=/aweme/v1/web/aweme/post/ status=200 response_preview={"status_code":0,"min_cursor":1753505770000,"max_cursor":1749299049000,"has_more":1,"aweme_list":[{"aweme_id":"7531249923271609600","desc":"怎么不回信息 就因为我没发吗\n#刀马刀
2026-03-20T20:14:26 [profile.fetch] profile_input=https://www.douyin.com/user/MS4wLjABAAAAoctrW5qzQp6h2H32mRKenXU_0-cmgjgOxIc768mlwjqKVjQbFdD1NeEzi2TMbGM0?from_tab_name=main&vid=7616664549499911538 sec_user_id=MS4wLjABAAAAoctrW5qzQp6h2H32mRKenXU_0-cmgjgOxIc768mlwjqKVjQbFdD1NeEzi2TMbGM0 start=81 count=20 returned=20 has_more=True
2026-03-20T20:17:22 [browser.launch] channel=chrome
2026-03-20T20:17:24 [api.user_profile] uri=/aweme/v1/web/user/profile/other/ status=200 response_preview={"extra":{"fatal_item_ids":[],"logid":"20260320211722DE2DE875F840744A4FB3","now":1774012643000},"log_pb":{"impr_id":"20260320211722DE2DE875F840744A4FB3"},"statu
2026-03-20T20:17:26 [api.user_posts] uri=/aweme/v1/web/aweme/post/ status=200 response_preview={"status_code":0,"min_cursor":0,"max_cursor":1768391399000,"has_more":1,"aweme_list":[{"aweme_id":"7597793810105655962","desc":"我的爱 是青苹果的心脏\n（灵感来源：兰月亮）#手搓粉彩风转场来
2026-03-20T20:17:27 [profile.fetch] profile_input=https://www.douyin.com/user/MS4wLjABAAAAoctrW5qzQp6h2H32mRKenXU_0-cmgjgOxIc768mlwjqKVjQbFdD1NeEzi2TMbGM0?from_tab_name=main&vid=7616664549499911538 sec_user_id=MS4wLjABAAAAoctrW5qzQp6h2H32mRKenXU_0-cmgjgOxIc768mlwjqKVjQbFdD1NeEzi2TMbGM0 start=1 count=20 returned=20 has_more=True
2026-03-20T20:17:39 [api.user_profile] uri=/aweme/v1/web/user/profile/other/ status=200 response_preview={"extra":{"fatal_item_ids":[],"logid":"20260320211737E8A79647ECA4F867E55B","now":1774012657000},"log_pb":{"impr_id":"20260320211737E8A79647ECA4F867E55B"},"statu
2026-03-20T20:17:42 [api.user_posts] uri=/aweme/v1/web/aweme/post/ status=200 response_preview={"status_code":0,"min_cursor":0,"max_cursor":1768391399000,"has_more":1,"aweme_list":[{"aweme_id":"7597793810105655962","desc":"我的爱 是青苹果的心脏\n（灵感来源：兰月亮）#手搓粉彩风转场来
2026-03-20T20:17:43 [api.user_posts] uri=/aweme/v1/web/aweme/post/ status=200 response_preview={"status_code":0,"min_cursor":1768034334000,"max_cursor":1763784643000,"has_more":1,"aweme_list":[{"aweme_id":"7593649641368251849","desc":"出门考察世界！\n#暖冬citywalk
2026-03-20T20:17:43 [profile.fetch] profile_input=https://www.douyin.com/user/MS4wLjABAAAAoctrW5qzQp6h2H32mRKenXU_0-cmgjgOxIc768mlwjqKVjQbFdD1NeEzi2TMbGM0?from_tab_name=main&vid=7616664549499911538 sec_user_id=MS4wLjABAAAAoctrW5qzQp6h2H32mRKenXU_0-cmgjgOxIc768mlwjqKVjQbFdD1NeEzi2TMbGM0 start=21 count=20 returned=20 has_more=True
2026-03-20T20:17:54 [api.user_profile] uri=/aweme/v1/web/user/profile/other/ status=200 response_preview={"extra":{"fatal_item_ids":[],"logid":"202603202117521633AD86B8B4D99B3BB1","now":1774012672000},"log_pb":{"impr_id":"202603202117521633AD86B8B4D99B3BB1"},"statu
2026-03-20T20:17:56 [api.user_posts] uri=/aweme/v1/web/aweme/post/ status=200 response_preview={"status_code":0,"min_cursor":0,"max_cursor":1768391399000,"has_more":1,"aweme_list":[{"aweme_id":"7597793810105655962","desc":"我的爱 是青苹果的心脏\n（灵感来源：兰月亮）#手搓粉彩风转场来
2026-03-20T20:17:59 [api.user_posts] uri=/aweme/v1/web/aweme/post/ status=200 response_preview={"status_code":0,"min_cursor":1768034334000,"max_cursor":1763784643000,"has_more":1,"aweme_list":[{"aweme_id":"7593649641368251849","desc":"出门考察世界！\n#暖冬citywalk
2026-03-20T20:18:00 [api.user_posts] uri=/aweme/v1/web/aweme/post/ status=200 response_preview={"status_code":0,"min_cursor":1763473557000,"max_cursor":1758983939000,"has_more":1,"aweme_list":[{"aweme_id":"7574061215799203826","desc":"你说话淡淡的 闻起来淡淡的 声音也淡淡的
2026-03-20T20:18:00 [profile.fetch] profile_input=https://www.douyin.com/user/MS4wLjABAAAAoctrW5qzQp6h2H32mRKenXU_0-cmgjgOxIc768mlwjqKVjQbFdD1NeEzi2TMbGM0?from_tab_name=main&vid=7616664549499911538 sec_user_id=MS4wLjABAAAAoctrW5qzQp6h2H32mRKenXU_0-cmgjgOxIc768mlwjqKVjQbFdD1NeEzi2TMbGM0 start=41 count=20 returned=20 has_more=True
2026-03-20T22:21:16 [browser.launch] channel=chrome
2026-03-20T22:21:19 [api.user_profile] uri=/aweme/v1/web/user/profile/other/ status=200 response_preview={"extra":{"fatal_item_ids":[],"logid":"2026032023211798D85205A451926E4D10","now":1774020078000},"log_pb":{"impr_id":"2026032023211798D85205A451926E4D10"},"statu
2026-03-20T22:21:22 [api.user_posts] uri=/aweme/v1/web/aweme/post/ status=200 response_preview={"status_code":0,"min_cursor":0,"max_cursor":1769565272000,"has_more":0,"aweme_list":[{"aweme_id":"7601373294336205937","desc":"要是再漂亮点就好了 \n#新疆   #阿勒泰的冬天 #禾木村 #
2026-03-20T22:21:22 [profile.fetch] profile_input=https://www.douyin.com/user/MS4wLjABAAAA7O4V31_V_s9AnKMXEuHxkNbIdshCi5MXhB958nIzEAyoQan218F6aooUFPbN1Hu5?from_tab_name=main&vid=7601373294336205937 sec_user_id=MS4wLjABAAAA7O4V31_V_s9AnKMXEuHxkNbIdshCi5MXhB958nIzEAyoQan218F6aooUFPbN1Hu5 start=1 count=20 returned=16 has_more=False
2026-03-20T22:21:35 [download.refresh] detail_id=7601846287549929893 media_url=https://www.douyin.com/aweme/v1/play/?video_id=v2800fgi0000d5visuvog65s9j8en66g&line=0&file_id=a24fd136e0ad48e496a37cbe4aa53c9c&sign=ae49a200fc77bdaa016568e42a4a3bb8&is_play_url=1&source=PackSourceEnum_PUBLISH image_count=0 output_dir=C:\Users\Thach\AppData\Local\Temp\dyd_preview_ugh0jckj
2026-03-20T22:21:44 [download.media.response] detail_id=7601846287549929893 media_url=https://www.douyin.com/aweme/v1/play/?video_id=v2800fgi0000d5visuvog65s9j8en66g&line=0&file_id=a24fd136e0ad48e496a37cbe4aa53c9c&sign=ae49a200fc77bdaa016568e42a4a3bb8&is_play_url=1&source=PackSourceEnum_PUBLISH response_url=https://v5-dy-o.zjcdn.com/9ea790578fe6099f45776667a11e712c/69bd741b/video/tos/cn/tos-cn-ve-15c000-ce/oYeIR0g2cDllMHGuTNALYfczgedOl3IG0AzxeA/?a=1128&ch=0&cr=0&dr=0&er=0&cd=0%7C0%7C0%7C0&cv=1&br=2090&bt=2090&cs=0&ds=4&f... status=200 content_type=video/mp4
2026-03-20T22:21:44 [download.media.body] detail_id=7601846287549929893 bytes=3522623
2026-03-20T22:21:44 [download.media.saved] detail_id=7601846287549929893 path=C:\Users\Thach\AppData\Local\Temp\dyd_preview_ugh0jckj\爱你的人会自己穿过人海 把安全感塞满你口袋里 #这是现实版的冰雪奇缘吗 #禾木的冬天美的让人窒息 #阿勒泰的冬天 #禾木村.mp4 bytes=3522623
2026-03-21T10:53:22 [browser.launch] channel=chrome
2026-03-21T10:53:25 [api.user_profile] uri=/aweme/v1/web/user/profile/other/ status=200 response_preview={"extra":{"fatal_item_ids":[],"logid":"20260321115325747A7E289A7EEF2987B1","now":1774065205000},"log_pb":{"impr_id":"20260321115325747A7E289A7EEF2987B1"},"statu
2026-03-21T10:53:27 [api.user_posts] uri=/aweme/v1/web/aweme/post/ status=200 response_preview={"status_code":0,"min_cursor":0,"max_cursor":1768391399000,"has_more":1,"aweme_list":[{"aweme_id":"7597793810105655962","desc":"我的爱 是青苹果的心脏\n（灵感来源：兰月亮）#手搓粉彩风转场来
2026-03-21T10:53:27 [profile.fetch] profile_input=https://www.douyin.com/user/MS4wLjABAAAAoctrW5qzQp6h2H32mRKenXU_0-cmgjgOxIc768mlwjqKVjQbFdD1NeEzi2TMbGM0?from_tab_name=main&vid=7603723007215445386 sec_user_id=MS4wLjABAAAAoctrW5qzQp6h2H32mRKenXU_0-cmgjgOxIc768mlwjqKVjQbFdD1NeEzi2TMbGM0 start=1 count=20 returned=20 has_more=True
2026-03-21T10:54:11 [download.refresh] detail_id=7617069951253739402 media_url=https://lf26-music-east.douyinstatic.com/obj/ies-music-hj/7611732622519274277.mp3 image_count=1 output_dir=C:\Users\Thach\AppData\Local\Temp\dyd_preview_1qmqh66i
2026-03-21T10:54:14 [download.media.response] detail_id=7617069951253739402 media_url=https://lf26-music-east.douyinstatic.com/obj/ies-music-hj/7611732622519274277.mp3 response_url=https://lf26-music-east.douyinstatic.com/obj/ies-music-hj/7611732622519274277.mp3 status=200 content_type=audio/mpeg
2026-03-21T10:54:14 [download.media.body] detail_id=7617069951253739402 bytes=385430
2026-03-21T10:54:14 [download.media.saved] detail_id=7617069951253739402 path=C:\Users\Thach\AppData\Local\Temp\dyd_preview_1qmqh66i\放轻松 世界有浮力.mp3 bytes=385430
2026-03-21T10:54:20 [download.refresh] detail_id=7616664549499911538 media_url=https://www.douyin.com/aweme/v1/play/?video_id=v0d00fg10000d6pt7t7og65u3tj5mdng&line=0&file_id=c2a19bd78a3b4b9fbc1795d084d9c528&sign=c5c706cda08688647dc8a767f6c75f20&is_play_url=1&source=PackSourceEnum_PUBLISH image_count=0 output_dir=C:\Users\Thach\AppData\Local\Temp\dyd_preview_ywye_3_x
2026-03-21T10:54:21 [download.media.response] detail_id=7616664549499911538 media_url=https://www.douyin.com/aweme/v1/play/?video_id=v0d00fg10000d6pt7t7og65u3tj5mdng&line=0&file_id=c2a19bd78a3b4b9fbc1795d084d9c528&sign=c5c706cda08688647dc8a767f6c75f20&is_play_url=1&source=PackSourceEnum_PUBLISH response_url=https://v11-o.douyinvod.com/e96757113b5cc1bc233a81a2160b25a8/69be248b/video/tos/cn/tos-cn-ve-15/o0bz9pGHsW2EA1kNAAEGNePf0ZLgNFIDQbNBv9/?a=1128&br=3383&bt=3383&btag=c0000e00090000&cc=3e&cd=0%7C0%7C0%7C0&ch=0&cquery=100... status=200 content_type=video/mp4
2026-03-21T10:54:22 [download.media.body] detail_id=7616664549499911538 bytes=6395825
2026-03-21T10:54:22 [download.media.saved] detail_id=7616664549499911538 path=C:\Users\Thach\AppData\Local\Temp\dyd_preview_ywye_3_x\你一句追你的人排到了法国，我就来巴黎排队了 #旅行转场#粉彩系#我为粉彩系代言#hello时尚季.mp4 bytes=6395825
2026-03-21T10:54:38 [download.refresh] detail_id=7616664549499911538 media_url=https://www.douyin.com/aweme/v1/play/?video_id=v0d00fg10000d6pt7t7og65u3tj5mdng&line=0&file_id=c2a19bd78a3b4b9fbc1795d084d9c528&sign=c5c706cda08688647dc8a767f6c75f20&is_play_url=1&source=PackSourceEnum_PUBLISH image_count=0 output_dir=D:\CodingTime\DYD\downloads\douyin\Xx20010906
2026-03-21T10:54:39 [download.media.response] detail_id=7616664549499911538 media_url=https://www.douyin.com/aweme/v1/play/?video_id=v0d00fg10000d6pt7t7og65u3tj5mdng&line=0&file_id=c2a19bd78a3b4b9fbc1795d084d9c528&sign=c5c706cda08688647dc8a767f6c75f20&is_play_url=1&source=PackSourceEnum_PUBLISH response_url=https://v5-dy-o.zjcdn.com/fc0c6aca0e5f9fd2050b2199926bf524/69be249c/video/tos/cn/tos-cn-ve-15/o0bz9pGHsW2EA1kNAAEGNePf0ZLgNFIDQbNBv9/?a=1128&ch=0&cr=0&dr=0&er=0&cd=0%7C0%7C0%7C0&cv=1&br=3383&bt=3383&cs=0&ds=4&ft=elcAz... status=200 content_type=video/mp4
2026-03-21T10:54:39 [download.media.body] detail_id=7616664549499911538 bytes=6395825
2026-03-21T10:54:39 [download.media.saved] detail_id=7616664549499911538 path=D:\CodingTime\DYD\downloads\douyin\Xx20010906\你一句追你的人排到了法国，我就来巴黎排队了 #旅行转场#粉彩系#我为粉彩系代言#hello时尚季.mp4 bytes=6395825
2026-03-21T10:58:20 [browser.launch] channel=chrome
2026-03-21T10:58:23 [api.user_profile] uri=/aweme/v1/web/user/profile/other/ status=200 response_preview={"extra":{"fatal_item_ids":[],"logid":"2026032111582375B87483504B505D008D","now":1774065503000},"log_pb":{"impr_id":"2026032111582375B87483504B505D008D"},"statu
2026-03-21T10:58:25 [api.user_posts] uri=/aweme/v1/web/aweme/post/ status=200 response_preview={"status_code":0,"min_cursor":0,"max_cursor":1768391399000,"has_more":1,"aweme_list":[{"aweme_id":"7597793810105655962","desc":"我的爱 是青苹果的心脏\n（灵感来源：兰月亮）#手搓粉彩风转场来
2026-03-21T10:58:25 [profile.fetch] profile_input=https://www.douyin.com/user/MS4wLjABAAAAoctrW5qzQp6h2H32mRKenXU_0-cmgjgOxIc768mlwjqKVjQbFdD1NeEzi2TMbGM0?from_tab_name=main&vid=7603723007215445386 sec_user_id=MS4wLjABAAAAoctrW5qzQp6h2H32mRKenXU_0-cmgjgOxIc768mlwjqKVjQbFdD1NeEzi2TMbGM0 start=1 count=20 returned=20 has_more=True
2026-03-21T10:59:09 [api.user_profile] uri=/aweme/v1/web/user/profile/other/ status=200 response_preview={"extra":{"fatal_item_ids":[],"logid":"202603211159090C184E2282A76979A36E","now":1774065549000},"log_pb":{"impr_id":"202603211159090C184E2282A76979A36E"},"statu
2026-03-21T10:59:11 [api.user_posts] uri=/aweme/v1/web/aweme/post/ status=200 response_preview={"status_code":0,"min_cursor":0,"max_cursor":1768391399000,"has_more":1,"aweme_list":[{"aweme_id":"7597793810105655962","desc":"我的爱 是青苹果的心脏\n（灵感来源：兰月亮）#手搓粉彩风转场来
2026-03-21T10:59:12 [api.user_posts] uri=/aweme/v1/web/aweme/post/ status=200 response_preview={"status_code":0,"min_cursor":1768034334000,"max_cursor":1763784643000,"has_more":1,"aweme_list":[{"aweme_id":"7593649641368251849","desc":"出门考察世界！\n#暖冬citywalk
2026-03-21T10:59:12 [profile.fetch] profile_input=https://www.douyin.com/user/MS4wLjABAAAAoctrW5qzQp6h2H32mRKenXU_0-cmgjgOxIc768mlwjqKVjQbFdD1NeEzi2TMbGM0?from_tab_name=main&vid=7603723007215445386 sec_user_id=MS4wLjABAAAAoctrW5qzQp6h2H32mRKenXU_0-cmgjgOxIc768mlwjqKVjQbFdD1NeEzi2TMbGM0 start=21 count=20 returned=20 has_more=True
2026-03-21T11:06:45 [browser.launch] channel=chrome
2026-03-21T11:06:46 [download.refresh] detail_id=7617069951253739402 media_url=https://lf3-music-east.douyinstatic.com/obj/ies-music-hj/7611732622519274277.mp3 image_count=1 output_dir=D:\CodingTime\DYD\downloads\douyin\Xx20010906
2026-03-21T11:06:47 [download.media.response] detail_id=7617069951253739402 media_url=https://lf3-music-east.douyinstatic.com/obj/ies-music-hj/7611732622519274277.mp3 response_url=https://lf3-music-east.douyinstatic.com/obj/ies-music-hj/7611732622519274277.mp3 status=200 content_type=audio/mpeg
2026-03-21T11:06:47 [download.media.body] detail_id=7617069951253739402 bytes=385430
2026-03-21T11:06:47 [download.media.saved] detail_id=7617069951253739402 path=D:\CodingTime\DYD\downloads\douyin\Xx20010906\放轻松 世界有浮力.mp3 bytes=385430
2026-03-21T11:06:47 [download.refresh] detail_id=7616664549499911538 media_url=https://www.douyin.com/aweme/v1/play/?video_id=v0d00fg10000d6pt7t7og65u3tj5mdng&line=0&file_id=c2a19bd78a3b4b9fbc1795d084d9c528&sign=c5c706cda08688647dc8a767f6c75f20&is_play_url=1&source=PackSourceEnum_PUBLISH image_count=0 output_dir=D:\CodingTime\DYD\downloads\douyin\Xx20010906
2026-03-21T11:06:48 [download.media.response] detail_id=7616664549499911538 media_url=https://www.douyin.com/aweme/v1/play/?video_id=v0d00fg10000d6pt7t7og65u3tj5mdng&line=0&file_id=c2a19bd78a3b4b9fbc1795d084d9c528&sign=c5c706cda08688647dc8a767f6c75f20&is_play_url=1&source=PackSourceEnum_PUBLISH response_url=https://v5-dy-o.zjcdn.com/7c8f31ca5183fb457fdfe9717a8c7a39/69be2775/video/tos/cn/tos-cn-ve-15/o0bz9pGHsW2EA1kNAAEGNePf0ZLgNFIDQbNBv9/?a=1128&ch=0&cr=0&dr=0&er=0&cd=0%7C0%7C0%7C0&cv=1&br=3383&bt=3383&cs=0&ds=4&ft=elcAz... status=200 content_type=video/mp4
2026-03-21T11:06:48 [download.media.body] detail_id=7616664549499911538 bytes=6395825
2026-03-21T11:06:48 [download.media.saved] detail_id=7616664549499911538 path=D:\CodingTime\DYD\downloads\douyin\Xx20010906\你一句追你的人排到了法国，我就来巴黎排队了 #旅行转场#粉彩系#我为粉彩系代言#hello时尚季.mp4 bytes=6395825
2026-03-21T11:06:49 [download.refresh] detail_id=7616208616350098522 media_url=https://www.douyin.com/aweme/v1/play/?video_id=v0d00fg10000d6p3agfog65ijegqv8lg&line=0&file_id=0b03d0d9d8524494988d0fe3f0dd8431&sign=8190e3d1fe13029b345fb3947944eed4&is_play_url=1&source=PackSourceEnum_PUBLISH image_count=0 output_dir=D:\CodingTime\DYD\downloads\douyin\Xx20010906
2026-03-21T11:06:50 [download.media.response] detail_id=7616208616350098522 media_url=https://www.douyin.com/aweme/v1/play/?video_id=v0d00fg10000d6p3agfog65ijegqv8lg&line=0&file_id=0b03d0d9d8524494988d0fe3f0dd8431&sign=8190e3d1fe13029b345fb3947944eed4&is_play_url=1&source=PackSourceEnum_PUBLISH response_url=https://v5-dy-o.zjcdn.com/6fa4c5476ff74d874f149fc68fbe71fb/69be277c/video/tos/cn/tos-cn-ve-15/030ade29151f443e9c173755b21ddcb9/?a=1128&br=2890&bt=2890&btag=c0000e00090000&cd=0%7C0%7C0%7C0&ch=0&cquery=100y&cr=0&cs=0&cv... status=200 content_type=video/mp4
2026-03-21T11:06:51 [download.media.body] detail_id=7616208616350098522 bytes=7091325
2026-03-21T11:06:51 [download.media.saved] detail_id=7616208616350098522 path=D:\CodingTime\DYD\downloads\douyin\Xx20010906\阳光那么好，你该出去走走啦 #ubras #为日常起舞#ubras为日常起舞.mp4 bytes=7091325
2026-03-21T11:06:51 [download.refresh] detail_id=7616004654052872602 media_url=https://www.douyin.com/aweme/v1/play/?video_id=v0d00fg10000d6onnivog65vffke1n60&line=0&file_id=2636e80fd2f64a11bd517e11e65a9e77&sign=f716ddb5a79171e2445be58bf93998f3&is_play_url=1&source=PackSourceEnum_PUBLISH image_count=0 output_dir=D:\CodingTime\DYD\downloads\douyin\Xx20010906
2026-03-21T11:06:52 [download.media.response] detail_id=7616004654052872602 media_url=https://www.douyin.com/aweme/v1/play/?video_id=v0d00fg10000d6onnivog65vffke1n60&line=0&file_id=2636e80fd2f64a11bd517e11e65a9e77&sign=f716ddb5a79171e2445be58bf93998f3&is_play_url=1&source=PackSourceEnum_PUBLISH response_url=https://v5-dy-o.zjcdn.com/603346c5266dc884d25a35d213e8247c/69be277f/video/tos/cn/tos-cn-ve-15/osNeQoIG39eEBecgfNeiHuYIjOLJ9tAiHXJrjA/?a=1128&ch=0&cr=0&dr=0&er=0&cd=0%7C0%7C0%7C0&cv=1&br=3038&bt=3038&cs=0&ds=4&ft=elcAz... status=200 content_type=video/mp4
2026-03-21T11:06:53 [download.media.body] detail_id=7616004654052872602 bytes=7792565
2026-03-21T11:06:53 [download.media.saved] detail_id=7616004654052872602 path=D:\CodingTime\DYD\downloads\douyin\Xx20010906\你人不错，可以去法国排队 #旅行转场 #hello时尚季 #谁能拒绝来时装周现场看秀呢 #用中式美学打开时装周.mp4 bytes=7792565
2026-03-21T11:06:53 [download.refresh] detail_id=7615243459805748403 media_url=https://www.douyin.com/aweme/v1/play/?video_id=v0d00fg10000d6ncednog65vhglff030&line=0&file_id=2b3e9a871615474fa3a730a9f347d7d6&sign=3432a19f25aa5a38da7ff86790462d0c&is_play_url=1&source=PackSourceEnum_PUBLISH image_count=0 output_dir=D:\CodingTime\DYD\downloads\douyin\Xx20010906
2026-03-21T11:06:55 [download.media.response] detail_id=7615243459805748403 media_url=https://www.douyin.com/aweme/v1/play/?video_id=v0d00fg10000d6ncednog65vhglff030&line=0&file_id=2b3e9a871615474fa3a730a9f347d7d6&sign=3432a19f25aa5a38da7ff86790462d0c&is_play_url=1&source=PackSourceEnum_PUBLISH response_url=https://v5-dy-o.zjcdn.com/6ea4a420a2de38c3a18d0f122c71fae3/69be279c/video/tos/cn/tos-cn-ve-15/oIfraucEs2IgrNxpAjQE9yCFRfWpWdANADGBg3/?a=1128&ch=0&cr=0&dr=0&er=0&cd=0%7C0%7C0%7C0&cv=1&br=2316&bt=2316&cs=0&ds=4&ft=elcAz... status=200 content_type=video/mp4
2026-03-21T11:06:56 [download.media.body] detail_id=7615243459805748403 bytes=14062965
2026-03-21T11:06:56 [download.media.saved] detail_id=7615243459805748403 path=D:\CodingTime\DYD\downloads\douyin\Xx20010906\帮我总结今日风格：＿＿ #hello时尚季 #谁能拒绝来时装周现场看秀呢 #用中式美学打开时装周.mp4 bytes=14062965
2026-03-21T11:06:56 [download.refresh] detail_id=7614414911245944050 media_url=https://www.douyin.com/aweme/v1/play/?video_id=v0d00fg10000d6ltbcnog65oh1fn9nsg&line=0&file_id=f9f5869d46ce473ba661b23dc8f95fe6&sign=0c6adf230770c337a560226b885e5969&is_play_url=1&source=PackSourceEnum_PUBLISH image_count=0 output_dir=D:\CodingTime\DYD\downloads\douyin\Xx20010906
2026-03-21T11:06:57 [download.media.response] detail_id=7614414911245944050 media_url=https://www.douyin.com/aweme/v1/play/?video_id=v0d00fg10000d6ltbcnog65oh1fn9nsg&line=0&file_id=f9f5869d46ce473ba661b23dc8f95fe6&sign=0c6adf230770c337a560226b885e5969&is_play_url=1&source=PackSourceEnum_PUBLISH response_url=https://v5-dy-o.zjcdn.com/978ce5a63cbde15b1b757a921fb6e36c/69be2781/video/tos/cn/tos-cn-ve-15/oMfcfADqyrlA9F97pEvyWgNAgQcXBLLIKPx9Ep/?a=1128&br=2542&bt=2542&btag=c0000e00090000&cd=0%7C0%7C0%7C0&ch=0&cquery=100y&cr=0&c... status=200 content_type=video/mp4
2026-03-21T11:06:58 [download.media.body] detail_id=7614414911245944050 bytes=5369967
2026-03-21T11:06:58 [download.media.saved] detail_id=7614414911245944050 path=D:\CodingTime\DYD\downloads\douyin\Xx20010906\Stop，wait a minute ！ #uptownfunk #hello时尚季 #谁能拒绝来时装周现场看秀呢 #用中式美学打开时装周.mp4 bytes=5369967
2026-03-21T11:06:58 [download.refresh] detail_id=7613745739776649545 media_url=https://www.douyin.com/aweme/v1/play/?video_id=v0d00fg10000d6kna6fog65ogdpphnkg&line=0&file_id=2bab248704eb4f3db5992d09d2a5ce53&sign=d455c624244785a76c28aec7c1cfc5c0&is_play_url=1&source=PackSourceEnum_PUBLISH image_count=0 output_dir=D:\CodingTime\DYD\downloads\douyin\Xx20010906
2026-03-21T11:06:59 [download.media.response] detail_id=7613745739776649545 media_url=https://www.douyin.com/aweme/v1/play/?video_id=v0d00fg10000d6kna6fog65ogdpphnkg&line=0&file_id=2bab248704eb4f3db5992d09d2a5ce53&sign=d455c624244785a76c28aec7c1cfc5c0&is_play_url=1&source=PackSourceEnum_PUBLISH response_url=https://v5-dy-o.zjcdn.com/d767d90b7f55c4b517e3d04df73181d8/69be2783/video/tos/cn/tos-cn-ve-15/osp3g1BQaE0EiaYqINfBegMP243FdLAOAiApcI/?a=1128&ch=0&cr=0&dr=0&er=0&cd=0%7C0%7C0%7C0&cv=1&br=2073&bt=2073&cs=0&ds=4&ft=elcAz... status=200 content_type=video/mp4
2026-03-21T11:06:59 [download.media.body] detail_id=7613745739776649545 bytes=4627446
2026-03-21T11:06:59 [download.media.saved] detail_id=7613745739776649545 path=D:\CodingTime\DYD\downloads\douyin\Xx20010906\有趣又迷人的反派角色？ #jetset #赛马娘.mp4 bytes=4627446
2026-03-21T11:06:59 [download.refresh] detail_id=7612564371616694706 media_url=https://www.douyin.com/aweme/v1/play/?video_id=v0d00fg10000d6ik1qnog65j2ii8ath0&line=0&file_id=143ca45848274ea6a0ef95a68074bd2d&sign=01602482cfb4d7c2f4d76ef1dfd9e12b&is_play_url=1&source=PackSourceEnum_PUBLISH image_count=0 output_dir=D:\CodingTime\DYD\downloads\douyin\Xx20010906
2026-03-21T11:07:00 [download.media.response] detail_id=7612564371616694706 media_url=https://www.douyin.com/aweme/v1/play/?video_id=v0d00fg10000d6ik1qnog65j2ii8ath0&line=0&file_id=143ca45848274ea6a0ef95a68074bd2d&sign=01602482cfb4d7c2f4d76ef1dfd9e12b&is_play_url=1&source=PackSourceEnum_PUBLISH response_url=https://v11-o.douyinvod.com/9cb47e6cf6e1df0ae42002e363b4d6f6/69be2784/video/tos/cn/tos-cn-ve-15/oIPiOQaAdmdCIFiKqSITQFvaAAlEi6BqRzTVE/?a=1128&ch=0&cr=0&dr=0&er=0&cd=0%7C0%7C0%7C0&cv=1&br=1166&bt=1166&cs=0&ds=4&ft=elcA... status=200 content_type=video/mp4
2026-03-21T11:07:00 [download.media.body] detail_id=7612564371616694706 bytes=2419179
2026-03-21T11:07:00 [download.media.saved] detail_id=7612564371616694706 path=D:\CodingTime\DYD\downloads\douyin\Xx20010906\集齐8色就可以召唤… （yc：d1em0be） #卡点 #粉彩系 #我为粉彩系代言 #用粉彩风打开春天#hello时尚季#.mp4 bytes=2419179
2026-03-21T11:07:00 [download.refresh] detail_id=7609237733126964570 media_url=https://www.douyin.com/aweme/v1/play/?video_id=v2700fgi0000d6cn2lnog65uo7qn7h90&line=0&file_id=8fad280a9c314fb4bae8ed01e39de68e&sign=9e8b29b3604bc2736aebb162c49bc3bf&is_play_url=1&source=PackSourceEnum_PUBLISH image_count=0 output_dir=D:\CodingTime\DYD\downloads\douyin\Xx20010906
2026-03-21T11:07:01 [download.media.response] detail_id=7609237733126964570 media_url=https://www.douyin.com/aweme/v1/play/?video_id=v2700fgi0000d6cn2lnog65uo7qn7h90&line=0&file_id=8fad280a9c314fb4bae8ed01e39de68e&sign=9e8b29b3604bc2736aebb162c49bc3bf&is_play_url=1&source=PackSourceEnum_PUBLISH response_url=https://v11-o.douyinvod.com/ac3e5053f1dfec69b6713f755fa9aa88/69be2785/video/tos/cn/tos-cn-ve-15c000-ce/o8lWF9QSIExV01HEXcpAZDtBmExfnzJfwAgFW9/?a=1128&ch=0&cr=0&dr=0&er=0&cd=0%7C0%7C0%7C0&cv=1&br=3576&bt=3576&cs=0&ds=4... status=200 content_type=video/mp4
2026-03-21T11:07:02 [download.media.body] detail_id=7609237733126964570 bytes=7493157
2026-03-21T11:07:02 [download.media.saved] detail_id=7609237733126964570 path=D:\CodingTime\DYD\downloads\douyin\Xx20010906\从今往后不发脾气 只发财！ #迎财神 #丸纸摇 #手势舞 #大年初五迎财神.mp4 bytes=7493157
2026-03-21T11:07:02 [download.refresh] detail_id=7608140936070397578 media_url=https://www.douyin.com/aweme/v1/play/?video_id=v2700fgi0000d6aohf7og65hk0qqm9rg&line=0&file_id=069eb17fd75e4c14a24379669e9691ca&sign=f86ee1e281cda6c49bf1404af946dd19&is_play_url=1&source=PackSourceEnum_PUBLISH image_count=0 output_dir=D:\CodingTime\DYD\downloads\douyin\Xx20010906
2026-03-21T11:07:03 [download.media.response] detail_id=7608140936070397578 media_url=https://www.douyin.com/aweme/v1/play/?video_id=v2700fgi0000d6aohf7og65hk0qqm9rg&line=0&file_id=069eb17fd75e4c14a24379669e9691ca&sign=f86ee1e281cda6c49bf1404af946dd19&is_play_url=1&source=PackSourceEnum_PUBLISH response_url=https://v11-o.douyinvod.com/2fdf2ce0f6f29d3a9fb236ee3259332a/69be2788/video/tos/cn/tos-cn-ve-15c000-ce/oIAZIWB2MHI3YixVZJrDhMAEvPjxoxQSWi6Pa/?a=1128&ch=0&cr=0&dr=0&er=0&cd=0%7C0%7C0%7C0&cv=1&br=3547&bt=3547&cs=0&ds=4&... status=200 content_type=video/mp4
2026-03-21T11:07:04 [download.media.body] detail_id=7608140936070397578 bytes=8294763
2026-03-21T11:07:04 [download.media.saved] detail_id=7608140936070397578 path=D:\CodingTime\DYD\downloads\douyin\Xx20010906\快开门 该你发财了 （开头动作灵感by小朱不在外太空） #财神 #扎基拉姆 #拜年就要年味穿搭#我的年味穿搭#hello时尚季.mp4 bytes=8294763
2026-03-21T11:07:04 [download.refresh] detail_id=7606676075544510894 media_url=https://www.douyin.com/aweme/v1/play/?video_id=v1e00fgi0000d685effog65trpdnikpg&line=0&file_id=6737daac6a924b7aa377042fbf7db9a1&sign=d9fe3072c399b4f7bcb85e931a042ac7&is_play_url=1&source=PackSourceEnum_PUBLISH image_count=0 output_dir=D:\CodingTime\DYD\downloads\douyin\Xx20010906
2026-03-21T11:07:06 [download.media.response] detail_id=7606676075544510894 media_url=https://www.douyin.com/aweme/v1/play/?video_id=v1e00fgi0000d685effog65trpdnikpg&line=0&file_id=6737daac6a924b7aa377042fbf7db9a1&sign=d9fe3072c399b4f7bcb85e931a042ac7&is_play_url=1&source=PackSourceEnum_PUBLISH response_url=https://v5-dy-o.zjcdn.com/f54bb22fa4948ad1f746e1442c6811e7/69be278b/video/tos/cn/tos-cn-ve-15c000-ce/o4U99FzKpIeTArE9FCki2aciEtBQ36A5ewfAvl/?a=1128&ch=0&cr=0&dr=0&er=0&cd=0%7C0%7C0%7C0&cv=1&br=8141&bt=8141&cs=0&ds=4&f... status=200 content_type=video/mp4
2026-03-21T11:07:09 [download.media.body] detail_id=7606676075544510894 bytes=20634229
2026-03-21T11:07:09 [download.media.saved] detail_id=7606676075544510894 path=D:\CodingTime\DYD\downloads\douyin\Xx20010906\请查收你的马年完美新人设！ （Bgm@阿健在写歌吗 编舞@一小栗米吖 ）#变装 #蛋仔马年抓马舞 #蛋仔马年抓马舞挑战.mp4 bytes=20634229
2026-03-21T11:07:09 [download.refresh] detail_id=7606293170447837146 media_url=https://www.douyin.com/aweme/v1/play/?video_id=v2800fgi0000d67fm7fog65isnguh7qg&line=0&file_id=ad440946a4a84ed6b60f8305f86e95e7&sign=4e7b8a890d480f26404fbc89b6b270bb&is_play_url=1&source=PackSourceEnum_PUBLISH image_count=0 output_dir=D:\CodingTime\DYD\downloads\douyin\Xx20010906
2026-03-21T11:07:11 [download.media.response] detail_id=7606293170447837146 media_url=https://www.douyin.com/aweme/v1/play/?video_id=v2800fgi0000d67fm7fog65isnguh7qg&line=0&file_id=ad440946a4a84ed6b60f8305f86e95e7&sign=4e7b8a890d480f26404fbc89b6b270bb&is_play_url=1&source=PackSourceEnum_PUBLISH response_url=https://v11-o.douyinvod.com/7759d272e0e2dc818497b3c58b002116/69be278c/video/tos/cn/tos-cn-ve-15c000-ce/o098bEdPAlJIPgHpqvoFEsRjQB8fbHZd9wDfAy/?a=1128&ch=0&cr=0&dr=0&er=0&cd=0%7C0%7C0%7C0&cv=1&br=1911&bt=1911&cs=0&ds=4... status=200 content_type=video/mp4
2026-03-21T11:07:11 [download.media.body] detail_id=7606293170447837146 bytes=3751252
2026-03-21T11:07:11 [download.media.saved] detail_id=7606293170447837146 path=D:\CodingTime\DYD\downloads\douyin\Xx20010906\灵驹启新，紫气东来 #变装 #官宣我的过年穿搭#我的年味穿搭#hello时尚季.mp4 bytes=3751252
2026-03-21T11:07:11 [download.refresh] detail_id=7604697953176955566 media_url=https://www.douyin.com/aweme/v1/play/?video_id=v1e00fgi0000d64l0hfog65v2tpr2eqg&line=0&file_id=ed160f3cd9b74d6bb67a48adb74fd6b5&sign=ca5072ff87e2cc5922bc8f62bca4e36e&is_play_url=1&source=PackSourceEnum_PUBLISH image_count=0 output_dir=D:\CodingTime\DYD\downloads\douyin\Xx20010906
2026-03-21T11:07:13 [download.media.response] detail_id=7604697953176955566 media_url=https://www.douyin.com/aweme/v1/play/?video_id=v1e00fgi0000d64l0hfog65v2tpr2eqg&line=0&file_id=ed160f3cd9b74d6bb67a48adb74fd6b5&sign=ca5072ff87e2cc5922bc8f62bca4e36e&is_play_url=1&source=PackSourceEnum_PUBLISH response_url=https://v5-dy-o.zjcdn.com/81f93e052e8ae8cef4902f48ee316ecc/69be278f/video/tos/cn/tos-cn-ve-15c000-ce/oMdSLLCIRu7dgIPQPCLTAosGgq8IJJ7feqEBie/?a=1128&ch=0&cr=0&dr=0&er=0&cd=0%7C0%7C0%7C0&cv=1&br=2483&bt=2483&cs=0&ds=4&f... status=200 content_type=video/mp4
2026-03-21T11:07:13 [download.media.body] detail_id=7604697953176955566 bytes=4863794
2026-03-21T11:07:13 [download.media.saved] detail_id=7604697953176955566 path=D:\CodingTime\DYD\downloads\douyin\Xx20010906\过年我就给亲戚表演这个 #弥渡山歌 #hello时尚季 #变装 #抖音时尚特派员已就位.mp4 bytes=4863794
2026-03-21T11:07:13 [download.refresh] detail_id=7603723007215445386 media_url=https://www.douyin.com/aweme/v1/play/?video_id=v0d00fg10000d62tig7og65rgjtihc00&line=0&file_id=8e599940c9cb444a8fc4d5db4f174e66&sign=8b633eb9ff32728c930ccbdf35e51c5d&is_play_url=1&source=PackSourceEnum_PUBLISH image_count=0 output_dir=D:\CodingTime\DYD\downloads\douyin\Xx20010906
2026-03-21T11:07:13 [download.media.response] detail_id=7603723007215445386 media_url=https://www.douyin.com/aweme/v1/play/?video_id=v0d00fg10000d62tig7og65rgjtihc00&line=0&file_id=8e599940c9cb444a8fc4d5db4f174e66&sign=8b633eb9ff32728c930ccbdf35e51c5d&is_play_url=1&source=PackSourceEnum_PUBLISH response_url=https://v5-dy-o.zjcdn.com/dbac547f963ba1ba88bc6fd0dccd7784/69be278d/video/tos/cn/tos-cn-ve-15/oEo7MQAygJTAi5B1RCX4waXJeCAWbB87cfAfKB/?a=1128&ch=0&cr=0&dr=0&er=0&cd=0%7C0%7C0%7C0&cv=1&br=1593&bt=1593&cs=0&ds=4&ft=elcAz... status=200 content_type=video/mp4
2026-03-21T11:07:14 [download.media.body] detail_id=7603723007215445386 bytes=2591047
2026-03-21T11:07:14 [download.media.saved] detail_id=7603723007215445386 path=D:\CodingTime\DYD\downloads\douyin\Xx20010906\夏日重现 （灵感来源：兰月亮）#hello时尚季#生活处处是秀场 #手搓蓝调转场 #手搓粉彩风转场来了.mp4 bytes=2591047
2026-03-21T11:07:14 [download.refresh] detail_id=7600389858503465446 media_url=https://www.douyin.com/aweme/v1/play/?video_id=v1e00fgi0000d5t04efog65gr42ru5pg&line=0&file_id=626e65963e9548ecbec99b1fbdce6dcb&sign=754ec252277e18eaede0a713d7a0917e&is_play_url=1&source=PackSourceEnum_PUBLISH image_count=0 output_dir=D:\CodingTime\DYD\downloads\douyin\Xx20010906
2026-03-21T11:07:15 [download.media.response] detail_id=7600389858503465446 media_url=https://www.douyin.com/aweme/v1/play/?video_id=v1e00fgi0000d5t04efog65gr42ru5pg&line=0&file_id=626e65963e9548ecbec99b1fbdce6dcb&sign=754ec252277e18eaede0a713d7a0917e&is_play_url=1&source=PackSourceEnum_PUBLISH response_url=https://v11-o.douyinvod.com/43800742fee3f25b09feb24e929048b2/69be278f/video/tos/cn/tos-cn-ve-15c000-ce/oYDEgEhQ7ItISABf6KzedgIVgFjDBCF58sKJFf/?a=1128&ch=0&cr=0&dr=0&er=0&cd=0%7C0%7C0%7C0&cv=1&br=1928&bt=1928&cs=0&ds=4... status=200 content_type=video/mp4
2026-03-21T11:07:15 [download.media.body] detail_id=7600389858503465446 bytes=3316774
2026-03-21T11:07:15 [download.media.saved] detail_id=7600389858503465446 path=D:\CodingTime\DYD\downloads\douyin\Xx20010906\我们已经走过了21世纪的春天 （灵感来源 兰月亮） #春天一起做粉彩风美女 #手搓蓝调转场 #粉彩风.mp4 bytes=3316774
2026-03-21T11:07:15 [download.refresh] detail_id=7598815209641974126 media_url=https://www.douyin.com/aweme/v1/play/?video_id=v1e00fgi0000d5q6k2vog65puiumt05g&line=0&file_id=b2f27ac2fce6460a9c95aa52aab43b30&sign=9dcc390197b72dac84bb2db1ed29ad5f&is_play_url=1&source=PackSourceEnum_PUBLISH image_count=0 output_dir=D:\CodingTime\DYD\downloads\douyin\Xx20010906
2026-03-21T11:07:16 [download.media.response] detail_id=7598815209641974126 media_url=https://www.douyin.com/aweme/v1/play/?video_id=v1e00fgi0000d5q6k2vog65puiumt05g&line=0&file_id=b2f27ac2fce6460a9c95aa52aab43b30&sign=9dcc390197b72dac84bb2db1ed29ad5f&is_play_url=1&source=PackSourceEnum_PUBLISH response_url=https://v5-dy-o.zjcdn.com/1c52a8d1ed152e8c10e060caf0216596/69be2792/video/tos/cn/tos-cn-ve-15c000-ce/ocLe5uiB1C9AU0e7ALUFa7wIBfAWiEQguCr0jE/?a=1128&ch=0&cr=0&dr=0&er=0&cd=0%7C0%7C0%7C0&cv=1&br=1489&bt=1489&cs=0&ds=4&f... status=200 content_type=video/mp4
2026-03-21T11:07:16 [download.media.body] detail_id=7598815209641974126 bytes=2802159
2026-03-21T11:07:17 [download.media.saved] detail_id=7598815209641974126 path=D:\CodingTime\DYD\downloads\douyin\Xx20010906\性格恶劣 脸实在太乖 #用粉彩风预习春天 #反差.mp4 bytes=2802159
2026-03-21T11:07:17 [download.refresh] detail_id=7598030443594520302 media_url=https://www.douyin.com/aweme/v1/play/?video_id=v1e00fgi0000d5oq0knog65sj0l0sbng&line=0&file_id=ff56715f428744b596af849ea1745c6d&sign=096dc811d68d48f7c8ee51ccac3ecb6b&is_play_url=1&source=PackSourceEnum_PUBLISH image_count=0 output_dir=D:\CodingTime\DYD\downloads\douyin\Xx20010906
2026-03-21T11:07:18 [download.media.response] detail_id=7598030443594520302 media_url=https://www.douyin.com/aweme/v1/play/?video_id=v1e00fgi0000d5oq0knog65sj0l0sbng&line=0&file_id=ff56715f428744b596af849ea1745c6d&sign=096dc811d68d48f7c8ee51ccac3ecb6b&is_play_url=1&source=PackSourceEnum_PUBLISH response_url=https://v11-o.douyinvod.com/2883f167422eaff9f0bdeb02f9e3811c/69be2797/video/tos/cn/tos-cn-ve-15c000-ce/oQWX8JUiOMyXaAoYaCQvGLIFIhsmxEPgABvi6/?a=1128&ch=0&cr=0&dr=0&er=0&cd=0%7C0%7C0%7C0&cv=1&br=2424&bt=2424&cs=0&ds=4&... status=200 content_type=video/mp4
2026-03-21T11:07:19 [download.media.body] detail_id=7598030443594520302 bytes=5638260
2026-03-21T11:07:19 [download.media.saved] detail_id=7598030443594520302 path=D:\CodingTime\DYD\downloads\douyin\Xx20010906\你好管理员，欢迎来到终末地！ #明日方舟终末地 #终末地公测.mp4 bytes=5638260
2026-03-21T11:07:19 [download.refresh] detail_id=7597793810105655962 media_url=https://www.douyin.com/aweme/v1/play/?video_id=v1e00fgi0000d5oci9vog65nsqroh41g&line=0&file_id=b4da6c8a4d844935a38203597d9fe17a&sign=1ed06db7accb0b9cac6df378a0782fa7&is_play_url=1&source=PackSourceEnum_PUBLISH image_count=0 output_dir=D:\CodingTime\DYD\downloads\douyin\Xx20010906
2026-03-21T11:07:20 [download.media.response] detail_id=7597793810105655962 media_url=https://www.douyin.com/aweme/v1/play/?video_id=v1e00fgi0000d5oci9vog65nsqroh41g&line=0&file_id=b4da6c8a4d844935a38203597d9fe17a&sign=1ed06db7accb0b9cac6df378a0782fa7&is_play_url=1&source=PackSourceEnum_PUBLISH response_url=https://v5-dy-o.zjcdn.com/5be31b9f993eaedbb4a32bf984194b3e/69be2795/video/tos/cn/tos-cn-ve-15c000-ce/okIwEQES9zecAqDpzFdbfkGWDkvAnEDweIMBC6/?a=1128&ch=0&cr=0&dr=0&er=0&cd=0%7C0%7C0%7C0&cv=1&br=1938&bt=1938&cs=0&ds=4&f... status=200 content_type=video/mp4
2026-03-21T11:07:20 [download.media.body] detail_id=7597793810105655962 bytes=3448278
2026-03-21T11:07:20 [download.media.saved] detail_id=7597793810105655962 path=D:\CodingTime\DYD\downloads\douyin\Xx20010906\我的爱 是青苹果的心脏 （灵感来源：兰月亮）#手搓粉彩风转场来了 #手搓蓝调转场 #转场#粉彩风.mp4 bytes=3448278
2026-03-21T11:07:21 [download.refresh] detail_id=7595921831317600090 media_url=https://www.douyin.com/aweme/v1/play/?video_id=v2700fgi0000d5l23snog65lr0ujh5m0&line=0&file_id=e5dc31ceff9041f3b19a875363e529d1&sign=2e0d7d50111b9d10f925f82e2d9b6973&is_play_url=1&source=PackSourceEnum_PUBLISH image_count=0 output_dir=D:\CodingTime\DYD\downloads\douyin\Xx20010906
2026-03-21T11:07:22 [download.media.response] detail_id=7595921831317600090 media_url=https://www.douyin.com/aweme/v1/play/?video_id=v2700fgi0000d5l23snog65lr0ujh5m0&line=0&file_id=e5dc31ceff9041f3b19a875363e529d1&sign=2e0d7d50111b9d10f925f82e2d9b6973&is_play_url=1&source=PackSourceEnum_PUBLISH response_url=https://v11-o.douyinvod.com/e586c7eed147258f25b738f9b6ab25cb/69be2796/video/tos/cn/tos-cn-ve-15c000-ce/owqsCMiQbxYo1hBAiZrWzJa8DANQlE0vSIP42/?a=1128&ch=0&cr=0&dr=0&er=0&cd=0%7C0%7C0%7C0&cv=1&br=1631&bt=1631&cs=0&ds=4&... status=200 content_type=video/mp4
2026-03-21T11:07:22 [download.media.body] detail_id=7595921831317600090 bytes=2804931
2026-03-21T11:07:22 [download.media.saved] detail_id=7595921831317600090 path=D:\CodingTime\DYD\downloads\douyin\Xx20010906\表演一个手搓蓝调 （灵感来源：兰月亮） #手搓蓝调转场 #转场 #手搓粉彩风转场来了 #冬季不露腿保命穿搭#粉彩风.mp4 bytes=2804931
2026-03-21T11:07:22 [download.refresh] detail_id=7595183223983702958 media_url=https://www.douyin.com/aweme/v1/play/?video_id=v1e00fgi0000d5jo5i7og65kv4nblvsg&line=0&file_id=38e4ca318f48419a94f6003646f79dcb&sign=34d84976445bd8e93918c8022976634d&is_play_url=1&source=PackSourceEnum_PUBLISH image_count=0 output_dir=D:\CodingTime\DYD\downloads\douyin\Xx20010906
2026-03-21T11:07:26 [download.media.response] detail_id=7595183223983702958 media_url=https://www.douyin.com/aweme/v1/play/?video_id=v1e00fgi0000d5jo5i7og65kv4nblvsg&line=0&file_id=38e4ca318f48419a94f6003646f79dcb&sign=34d84976445bd8e93918c8022976634d&is_play_url=1&source=PackSourceEnum_PUBLISH response_url=https://v5-dy-o.zjcdn.com/039151da67e5b692ef31dcf9fc850e0b/69be279e/video/tos/cn/tos-cn-ve-15c000-ce/oUdE1h1WI8pAeRZCfn4DfE59LIAFQH4wMnGpEl/?a=1128&br=5047&bt=5047&btag=c0000e00090000&cd=0%7C0%7C0%7C0&ch=0&cquery=100y... status=200 content_type=video/mp4
2026-03-21T11:07:28 [download.media.body] detail_id=7595183223983702958 bytes=12705343
2026-03-21T11:07:28 [download.media.saved] detail_id=7595183223983702958 path=D:\CodingTime\DYD\downloads\douyin\Xx20010906\窝曲 谁点的娃娃脸 来认领 #名井南进行曲 #娃娃脸 #谁还没穿上马年限定穿搭.mp4 bytes=12705343
2026-03-21T11:07:28 [download.refresh] detail_id=7593649641368251849 media_url=https://www.douyin.com/aweme/v1/play/?video_id=v2700fgi0000d5h0vpvog65ksav76kb0&line=0&file_id=c68f77ccc5964c1ea366d20bedf8e8d3&sign=e110ce4d2486fbdfecd4e7075c7a8bd0&is_play_url=1&source=PackSourceEnum_PUBLISH image_count=0 output_dir=D:\CodingTime\DYD\downloads\douyin\Xx20010906
2026-03-21T11:07:30 [download.media.response] detail_id=7593649641368251849 media_url=https://www.douyin.com/aweme/v1/play/?video_id=v2700fgi0000d5h0vpvog65ksav76kb0&line=0&file_id=c68f77ccc5964c1ea366d20bedf8e8d3&sign=e110ce4d2486fbdfecd4e7075c7a8bd0&is_play_url=1&source=PackSourceEnum_PUBLISH response_url=https://v5-dy-o.zjcdn.com/563cc4ad9fe3665ab2bcca8929d355e9/69be279f/video/tos/cn/tos-cn-ve-15c000-ce/ogf9IAf4W0zC9EriUcBxEq5EwQijEpAgYzBnzi/?a=1128&ch=0&cr=0&dr=0&er=0&cd=0%7C0%7C0%7C0&cv=1&br=2620&bt=2620&cs=0&ds=4&f... status=200 content_type=video/mp4
2026-03-21T11:07:30 [download.media.body] detail_id=7593649641368251849 bytes=5046171
2026-03-21T11:07:30 [download.media.saved] detail_id=7593649641368251849 path=D:\CodingTime\DYD\downloads\douyin\Xx20010906\出门考察世界！ #暖冬citywalk就这样穿 #旅行碎片 #云南.mp4 bytes=5046171
2026-03-21T11:07:31 [download.refresh] detail_id=7592261099820904906 media_url=https://sf6-cdn-tos.douyinstatic.com/obj/ies-music/7420797973396785983.mp3 image_count=1 output_dir=D:\CodingTime\DYD\downloads\douyin\Xx20010906
2026-03-21T11:07:33 [download.media.response] detail_id=7592261099820904906 media_url=https://sf6-cdn-tos.douyinstatic.com/obj/ies-music/7420797973396785983.mp3 response_url=https://sf6-cdn-tos.douyinstatic.com/obj/ies-music/7420797973396785983.mp3 status=200 content_type=audio/mpeg
2026-03-21T11:07:33 [download.media.body] detail_id=7592261099820904906 bytes=451050
2026-03-21T11:07:33 [download.media.saved] detail_id=7592261099820904906 path=D:\CodingTime\DYD\downloads\douyin\Xx20010906\看到你的第一眼 我就知道我们会有交集.mp3 bytes=451050
2026-03-21T11:18:25 [browser.launch] channel=chrome
2026-03-21T11:18:28 [api.user_profile] uri=/aweme/v1/web/user/profile/other/ status=200 response_preview={"extra":{"fatal_item_ids":[],"logid":"2026032112182715297EEF72F7848BF221","now":1774066708000},"log_pb":{"impr_id":"2026032112182715297EEF72F7848BF221"},"statu
2026-03-21T11:18:30 [api.user_posts] uri=/aweme/v1/web/aweme/post/ status=200 response_preview={"status_code":0,"min_cursor":0,"max_cursor":1768391399000,"has_more":1,"aweme_list":[{"aweme_id":"7597793810105655962","desc":"我的爱 是青苹果的心脏\n（灵感来源：兰月亮）#手搓粉彩风转场来
2026-03-21T11:18:30 [profile.fetch] profile_input=https://www.douyin.com/user/MS4wLjABAAAAoctrW5qzQp6h2H32mRKenXU_0-cmgjgOxIc768mlwjqKVjQbFdD1NeEzi2TMbGM0?from_tab_name=main&vid=7603723007215445386 sec_user_id=MS4wLjABAAAAoctrW5qzQp6h2H32mRKenXU_0-cmgjgOxIc768mlwjqKVjQbFdD1NeEzi2TMbGM0 start=1 count=20 returned=20 has_more=True
2026-03-21T11:18:35 [api.user_profile] uri=/aweme/v1/web/user/profile/other/ status=200 response_preview={"extra":{"fatal_item_ids":[],"logid":"20260321121835D50DE4011B0FC1D4D40B","now":1774066715000},"log_pb":{"impr_id":"20260321121835D50DE4011B0FC1D4D40B"},"statu
2026-03-21T11:18:37 [api.user_posts] uri=/aweme/v1/web/aweme/post/ status=200 response_preview={"status_code":0,"min_cursor":0,"max_cursor":1768391399000,"has_more":1,"aweme_list":[{"aweme_id":"7597793810105655962","desc":"我的爱 是青苹果的心脏\n（灵感来源：兰月亮）#手搓粉彩风转场来
2026-03-21T11:18:37 [profile.fetch] profile_input=https://www.douyin.com/user/MS4wLjABAAAAoctrW5qzQp6h2H32mRKenXU_0-cmgjgOxIc768mlwjqKVjQbFdD1NeEzi2TMbGM0?from_tab_name=main&vid=7603723007215445386 sec_user_id=MS4wLjABAAAAoctrW5qzQp6h2H32mRKenXU_0-cmgjgOxIc768mlwjqKVjQbFdD1NeEzi2TMbGM0 start=1 count=20 returned=20 has_more=True
2026-03-21T11:30:54 [browser.launch] channel=chrome
2026-03-21T11:30:57 [api.user_profile] uri=/aweme/v1/web/user/profile/other/ status=200 response_preview={"extra":{"fatal_item_ids":[],"logid":"202603211230567347D0820014BFA743D8","now":1774067456000},"log_pb":{"impr_id":"202603211230567347D0820014BFA743D8"},"statu
2026-03-21T11:30:58 [api.user_posts] uri=/aweme/v1/web/aweme/post/ status=200 response_preview={"status_code":0,"min_cursor":0,"max_cursor":1768391399000,"has_more":1,"aweme_list":[{"aweme_id":"7597793810105655962","desc":"我的爱 是青苹果的心脏\n（灵感来源：兰月亮）#手搓粉彩风转场来
2026-03-21T11:30:58 [profile.fetch] profile_input=https://www.douyin.com/user/MS4wLjABAAAAoctrW5qzQp6h2H32mRKenXU_0-cmgjgOxIc768mlwjqKVjQbFdD1NeEzi2TMbGM0?from_tab_name=main&vid=7603723007215445386 sec_user_id=MS4wLjABAAAAoctrW5qzQp6h2H32mRKenXU_0-cmgjgOxIc768mlwjqKVjQbFdD1NeEzi2TMbGM0 start=1 count=20 returned=20 has_more=True
2026-03-21T11:32:12 [browser.launch] channel=chrome
2026-03-21T11:34:14 [browser.launch] channel=chrome
2026-03-21T11:36:13 [browser.launch] channel=chrome
2026-03-21T11:55:14 [browser.launch] channel=chrome
2026-03-21T11:55:17 [fetch.resolve] input_url=https://v.douyin.com/fHv0qs_JyWg/ page_url=https://www.douyin.com/video/7603723007215445386 detail_id=7603723007215445386
2026-03-21T11:55:18 [api.detail] uri=https://www.douyin.com/aweme/v1/web/aweme/detail/ status=200 response_preview=<empty>
2026-03-21T11:55:36 [browser.launch] channel=chrome
2026-03-21T11:55:42 [fetch.resolve] input_url=https://v.douyin.com/fHv0qs_JyWg/ page_url=https://www.douyin.com/video/7603723007215445386 detail_id=7603723007215445386
2026-03-21T11:55:43 [api.detail] uri=https://www.douyin.com/aweme/v1/web/aweme/detail/ status=200 response_preview=<empty>
2026-03-21T11:56:21 [browser.launch] channel=chrome
2026-03-21T11:56:26 [api.user_profile] uri=/aweme/v1/web/user/profile/other/ status=200 response_preview=<empty>
2026-03-21T11:57:48 [browser.launch] channel=chrome
2026-03-21T11:57:50 [api.user_profile] uri=/aweme/v1/web/user/profile/other/ status=200 response_preview={"extra":{"fatal_item_ids":[],"logid":"202603211257509DB6C20317D65E443D61","now":1774069070000},"log_pb":{"impr_id":"202603211257509DB6C20317D65E443D61"},"statu
2026-03-21T11:57:52 [api.user_posts] uri=/aweme/v1/web/aweme/post/ status=200 response_preview={"status_code":0,"min_cursor":0,"max_cursor":1766547044000,"has_more":1,"aweme_list":[{"aweme_id":"7440042185581399296","desc":"看好了 我就泼一次水#jk制服 #氛围感转场","create_
2026-03-21T11:57:52 [profile.fetch] profile_input=https://www.douyin.com/user/MS4wLjABAAAAr0vow3ob-tPcoSMpaFCl-YP2Ky811_uTdmd0p3MnnHksTVi5k33WcDFXL_XP-m1K?from_tab_name=main&vid=7588831639631875328 sec_user_id=MS4wLjABAAAAr0vow3ob-tPcoSMpaFCl-YP2Ky811_uTdmd0p3MnnHksTVi5k33WcDFXL_XP-m1K start=1 count=20 returned=20 has_more=True
2026-03-21T11:58:08 [fetch.resolve] input_url=https://v.douyin.com/fHv0qs_JyWg/ page_url=https://www.douyin.com/video/7603723007215445386 detail_id=7603723007215445386
2026-03-21T11:58:09 [api.detail] uri=https://www.douyin.com/aweme/v1/web/aweme/detail/ status=403 response_preview=<empty>
2026-03-21T11:58:43 [browser.launch] channel=chrome
2026-03-21T11:58:48 [fetch.resolve] input_url=https://v.douyin.com/fHv0qs_JyWg/ page_url=https://www.douyin.com/video/7603723007215445386 detail_id=7603723007215445386
2026-03-21T11:58:49 [api.detail] uri=https://www.douyin.com/aweme/v1/web/aweme/detail/ status=403 response_preview=<empty>
2026-03-21T12:03:57 [browser.launch] channel=chrome
2026-03-21T12:04:03 [fetch.resolve] input_url=https://v.douyin.com/fHv0qs_JyWg/ page_url=https://www.douyin.com/video/7603723007215445386 detail_id=7603723007215445386
2026-03-21T12:04:04 [api.detail] uri=https://www.douyin.com/aweme/v1/web/aweme/detail/ status=403 response_preview=<empty>
2026-03-21T12:04:10 [api.user_profile] uri=/aweme/v1/web/user/profile/other/ status=200 response_preview={"extra":{"fatal_item_ids":[],"logid":"20260321130410D8AA92C3426D497AC917","now":1774069450000},"log_pb":{"impr_id":"20260321130410D8AA92C3426D497AC917"},"statu
2026-03-21T12:04:12 [api.user_posts] uri=/aweme/v1/web/aweme/post/ status=200 response_preview={"status_code":0,"min_cursor":0,"max_cursor":1766547044000,"has_more":1,"aweme_list":[{"aweme_id":"7440042185581399296","desc":"看好了 我就泼一次水#jk制服 #氛围感转场","create_
2026-03-21T12:04:12 [profile.fetch] profile_input=https://www.douyin.com/user/MS4wLjABAAAAr0vow3ob-tPcoSMpaFCl-YP2Ky811_uTdmd0p3MnnHksTVi5k33WcDFXL_XP-m1K?from_tab_name=main&vid=7588831639631875328 sec_user_id=MS4wLjABAAAAr0vow3ob-tPcoSMpaFCl-YP2Ky811_uTdmd0p3MnnHksTVi5k33WcDFXL_XP-m1K start=1 count=20 returned=20 has_more=True
2026-03-21T12:04:44 [browser.launch] channel=chrome
2026-03-21T12:04:47 [fetch.resolve] input_url=https://v.douyin.com/w63c-v6DnRs/ page_url=https://www.douyin.com/video/7552835814783208742 detail_id=7552835814783208742
2026-03-21T12:04:48 [api.detail] uri=https://www.douyin.com/aweme/v1/web/aweme/detail/ status=403 response_preview=<empty>
2026-03-21T12:05:13 [browser.launch] channel=chrome
2026-03-21T12:05:17 [fetch.resolve] input_url=https://v.douyin.com/w63c-v6DnRs/ page_url=https://www.douyin.com/video/7552835814783208742 detail_id=7552835814783208742
2026-03-21T12:05:19 [api.detail] uri=https://www.douyin.com/aweme/v1/web/aweme/detail/ status=403 response_preview=<empty>
2026-03-21T12:05:53 [browser.launch] channel=chrome
2026-03-21T12:05:58 [fetch.resolve] input_url=https://v.douyin.com/w63c-v6DnRs/ page_url=https://www.douyin.com/video/7552835814783208742 detail_id=7552835814783208742
2026-03-21T12:05:59 [api.detail] uri=https://www.douyin.com/aweme/v1/web/aweme/detail/ status=403 response_preview=<empty>
2026-03-21T12:06:50 [browser.launch] channel=chrome
2026-03-21T12:06:52 [api.user_profile] uri=/aweme/v1/web/user/profile/other/ status=200 response_preview={"extra":{"fatal_item_ids":[],"logid":"20260321130652BE7E761636E15EAACB86","now":1774069612000},"log_pb":{"impr_id":"20260321130652BE7E761636E15EAACB86"},"statu
2026-03-21T12:06:54 [api.user_posts] uri=/aweme/v1/web/aweme/post/ status=200 response_preview={"status_code":0,"min_cursor":0,"max_cursor":1768391399000,"has_more":1,"aweme_list":[{"aweme_id":"7597793810105655962","desc":"我的爱 是青苹果的心脏\n（灵感来源：兰月亮）#手搓粉彩风转场来
2026-03-21T12:06:54 [profile.fetch] profile_input=https://www.douyin.com/user/MS4wLjABAAAAoctrW5qzQp6h2H32mRKenXU_0-cmgjgOxIc768mlwjqKVjQbFdD1NeEzi2TMbGM0?from_tab_name=main&vid=7603723007215445386 sec_user_id=MS4wLjABAAAAoctrW5qzQp6h2H32mRKenXU_0-cmgjgOxIc768mlwjqKVjQbFdD1NeEzi2TMbGM0 start=1 count=20 returned=20 has_more=True
2026-03-21T12:10:26 [browser.launch] channel=chrome
2026-03-21T12:10:30 [fetch.resolve] input_url=https://v.douyin.com/w63c-v6DnRs/ page_url=https://www.douyin.com/video/7552835814783208742 detail_id=7552835814783208742
2026-03-21T12:10:30 [api.detail] uri=/aweme/v1/web/aweme/detail/ status=403 response_preview=<empty>
2026-03-21T12:10:42 [browser.launch] channel=chrome
2026-03-21T12:10:45 [api.user_profile] uri=/aweme/v1/web/user/profile/other/ status=200 response_preview={"extra":{"fatal_item_ids":[],"logid":"20260321131044CE59A4A1E5E00AB57AF6","now":1774069844000},"log_pb":{"impr_id":"20260321131044CE59A4A1E5E00AB57AF6"},"statu
2026-03-21T12:10:48 [api.user_posts] uri=/aweme/v1/web/aweme/post/ status=200 response_preview={"status_code":0,"min_cursor":0,"max_cursor":1768391399000,"has_more":1,"aweme_list":[{"aweme_id":"7597793810105655962","desc":"我的爱 是青苹果的心脏\n（灵感来源：兰月亮）#手搓粉彩风转场来
2026-03-21T12:10:48 [profile.fetch] profile_input=https://www.douyin.com/user/MS4wLjABAAAAoctrW5qzQp6h2H32mRKenXU_0-cmgjgOxIc768mlwjqKVjQbFdD1NeEzi2TMbGM0?from_tab_name=main&vid=7603723007215445386 sec_user_id=MS4wLjABAAAAoctrW5qzQp6h2H32mRKenXU_0-cmgjgOxIc768mlwjqKVjQbFdD1NeEzi2TMbGM0 start=1 count=20 returned=20 has_more=True
2026-03-21T12:13:55 [browser.launch] channel=chrome
2026-03-21T12:13:58 [api.user_profile] uri=/aweme/v1/web/user/profile/other/ status=200 response_preview={"extra":{"fatal_item_ids":[],"logid":"20260321131357A6993B7C4CFDC0992CC5","now":1774070038000},"log_pb":{"impr_id":"20260321131357A6993B7C4CFDC0992CC5"},"statu
2026-03-21T12:13:59 [api.user_posts] uri=/aweme/v1/web/aweme/post/ status=200 response_preview={"status_code":0,"min_cursor":0,"max_cursor":1766547044000,"has_more":1,"aweme_list":[{"aweme_id":"7440042185581399296","desc":"看好了 我就泼一次水#jk制服 #氛围感转场","create_
2026-03-21T12:13:59 [profile.fetch] profile_input=https://www.douyin.com/user/MS4wLjABAAAAr0vow3ob-tPcoSMpaFCl-YP2Ky811_uTdmd0p3MnnHksTVi5k33WcDFXL_XP-m1K?from_tab_name=main&vid=7588831639631875328 sec_user_id=MS4wLjABAAAAr0vow3ob-tPcoSMpaFCl-YP2Ky811_uTdmd0p3MnnHksTVi5k33WcDFXL_XP-m1K start=1 count=20 returned=20 has_more=True
2026-03-21T12:14:02 [download.refresh] detail_id=7617064594825153842 media_url=https://www.douyin.com/aweme/v1/play/?video_id=v0d00fg10000d6qjug7og65kptp9l5s0&line=0&file_id=7ee021ec76cd465b9ca981dc20363382&sign=b3df2fb7142d48fa4afe09353cbab7ac&is_play_url=1&source=PackSourceEnum_PUBLISH image_count=0 output_dir=D:\CodingTime\DYD\downloads\douyin\Fxinzi
2026-03-21T12:14:07 [download.media.response] detail_id=7617064594825153842 media_url=https://www.douyin.com/aweme/v1/play/?video_id=v0d00fg10000d6qjug7og65kptp9l5s0&line=0&file_id=7ee021ec76cd465b9ca981dc20363382&sign=b3df2fb7142d48fa4afe09353cbab7ac&is_play_url=1&source=PackSourceEnum_PUBLISH response_url=https://v11-o.douyinvod.com/b3aaf66833f6ded8afd831e6e9aac7a6/69be3733/video/tos/cn/tos-cn-ve-15/ocz09WfKBAg0QeVzgIi42QNBQP3laapiAABS1E/?a=1128&ch=0&cr=0&dr=0&er=0&cd=0%7C0%7C0%7C0&cv=1&br=1455&bt=1455&cs=0&ds=4&ft=elc... status=200 content_type=video/mp4
2026-03-21T12:14:07 [download.media.body] detail_id=7617064594825153842 bytes=1577662
2026-03-21T12:14:07 [download.media.saved] detail_id=7617064594825153842 path=D:\CodingTime\DYD\downloads\douyin\Fxinzi\在我跟大陆失联的八个小时里 他向我坦白了一切#转场.mp4 bytes=1577662
2026-03-21T12:43:36 [browser.launch] channel=chrome
2026-03-21T12:43:41 [fetch.resolve] input_url=https://v.douyin.com/w63c-v6DnRs/ page_url=https://www.douyin.com/video/7552835814783208742 detail_id=7552835814783208742
2026-03-21T12:43:42 [api.detail] uri=https://www.douyin.com/aweme/v1/web/aweme/detail/ status=403 response_preview=<empty>
2026-03-21T12:44:15 [browser.launch] channel=chrome
2026-03-21T12:44:18 [api.user_profile] uri=/aweme/v1/web/user/profile/other/ status=200 response_preview={"extra":{"fatal_item_ids":[],"logid":"2026032113441713631E0F4CB981881D95","now":1774071858000},"log_pb":{"impr_id":"2026032113441713631E0F4CB981881D95"},"statu
2026-03-21T12:44:19 [api.user_posts] uri=/aweme/v1/web/aweme/post/ status=200 response_preview={"status_code":0,"min_cursor":0,"max_cursor":1772359697000,"has_more":1,"aweme_list":[{"aweme_id":"7592547346870620763","desc":"被你牵着的手是不可能的画面 #忧郁 #清冷感 #lilywei
2026-03-21T12:44:19 [profile.fetch] profile_input=https://www.douyin.com/user/MS4wLjABAAAAI8Hx371RQ4CeUaaKvV0HKveCq1Za9T0I7lRw9ev_hc3EOe5-1XqNrEVDOaw3looJ?from_tab_name=main&vid=7616678492185855110 sec_user_id=MS4wLjABAAAAI8Hx371RQ4CeUaaKvV0HKveCq1Za9T0I7lRw9ev_hc3EOe5-1XqNrEVDOaw3looJ start=1 count=20 returned=20 has_more=True
2026-03-21T12:44:24 [download.refresh] detail_id=7619276983831206377 media_url=https://www.douyin.com/aweme/v1/play/?video_id=v0200fg10000d6uhninog65ubb16riu0&line=0&file_id=d7433d7dce1c49aea981cf85f168b585&sign=472c4e112ca8a4519cf776e7e55faeee&is_play_url=1&source=PackSourceEnum_PUBLISH image_count=0 output_dir=D:\CodingTime\DYD\downloads\douyin\30634063080
2026-03-21T12:44:26 [download.media.response] detail_id=7619276983831206377 media_url=https://www.douyin.com/aweme/v1/play/?video_id=v0200fg10000d6uhninog65ubb16riu0&line=0&file_id=d7433d7dce1c49aea981cf85f168b585&sign=472c4e112ca8a4519cf776e7e55faeee&is_play_url=1&source=PackSourceEnum_PUBLISH response_url=https://v11-o.douyinvod.com/fc9fe172afa55e8e1bff8c0bb1ebf830/69be3e59/video/tos/cn/tos-cn-ve-15/ff68d1fb61c64d9fbd6ad8eaa7bb1577/?a=1128&ch=0&cr=0&dr=0&er=0&cd=0%7C0%7C0%7C0&cv=1&br=2901&bt=2901&cs=0&ds=4&ft=elcAzLNM6... status=200 content_type=video/mp4
2026-03-21T12:44:26 [download.media.body] detail_id=7619276983831206377 bytes=6214635
2026-03-21T12:44:26 [download.media.saved] detail_id=7619276983831206377 path=D:\CodingTime\DYD\downloads\douyin\30634063080\我想 当你读懂我的隐喻后 我已经走了很远了 #走拍 #忧郁 #清冷感.mp4 bytes=6214635
2026-03-21T12:49:55 [browser.launch] channel=chrome
2026-03-21T12:50:00 [fetch.resolve] input_url=https://v.douyin.com/w63c-v6DnRs/ page_url=https://www.douyin.com/video/7552835814783208742 detail_id=7552835814783208742
2026-03-21T12:50:01 [api.detail] uri=https://www.douyin.com/aweme/v1/web/aweme/detail/ status=403 response_preview=<empty>
2026-03-21T12:50:15 [download.refresh] detail_id=7618909261285102847 media_url=https://www.douyin.com/aweme/v1/play/?video_id=v0200fg10000d6tsqbvog65s7l4joak0&line=0&file_id=bd59c59e1d1e44bfaedcc23cd8d05540&sign=ff5176d40d0de5e0edd8dc2e0a323110&is_play_url=1&source=PackSourceEnum_PUBLISH image_count=0 output_dir=D:\CodingTime\DYD\downloads\douyin\30634063080
2026-03-21T12:50:16 [download.media.response] detail_id=7618909261285102847 media_url=https://www.douyin.com/aweme/v1/play/?video_id=v0200fg10000d6tsqbvog65s7l4joak0&line=0&file_id=bd59c59e1d1e44bfaedcc23cd8d05540&sign=ff5176d40d0de5e0edd8dc2e0a323110&is_play_url=1&source=PackSourceEnum_PUBLISH response_url=https://v11-o.douyinvod.com/fad3fe8c7530f921ee58a699ed234dcf/69be3fb0/video/tos/cn/tos-cn-ve-15/oMk7XKgufAI9saCGQB9pUcBo1iACiAv8PeCEH8/?a=1128&ch=0&cr=0&dr=0&er=0&cd=0%7C0%7C0%7C0&cv=1&br=2555&bt=2555&cs=0&ds=4&ft=elc... status=200 content_type=video/mp4
2026-03-21T12:50:17 [download.media.body] detail_id=7618909261285102847 bytes=2867226
2026-03-21T12:50:17 [download.media.saved] detail_id=7618909261285102847 path=D:\CodingTime\DYD\downloads\douyin\30634063080\在我跟大陆失联的八个小时里 他向我坦白了一切 #玫瑰米兰达 #rosemiranda高跟鞋#背影 #走拍.mp4 bytes=2867226
2026-03-21T12:52:31 [browser.launch] channel=chrome
2026-03-21T12:52:35 [fetch.resolve] input_url=https://v.douyin.com/w63c-v6DnRs/ page_url=https://www.douyin.com/video/7552835814783208742 detail_id=7552835814783208742
2026-03-21T12:52:36 [api.detail] uri=https://www.douyin.com/aweme/v1/web/aweme/detail/ status=200 response_preview={"aweme_detail":{"activity_video_type":-1,"anchors":null,"authentication_token":"MS4wLjAAAAAAMvl8mMRFJfKfS3QaGJoJzeOsH9OYBvhacmXPXENaAq5lU92thEI67eJmcGutSDWlJ3H
2026-03-21T12:52:36 [fetch.video] detail_id=7552835814783208742 media_url=https://www.douyin.com/aweme/v1/play/?video_id=v0300fg10000d38gun7og65iil9sb7qg&line=0&file_id=b3dcbb5271a24f2a8a3574cd852f4db6&sign=aed7d2885d3f28268ce1c733ac67b3e4&is_play_url=1&source=PackSourceEnum_AWEME_DETAIL image_count=0 duration=7 author=风信子 title=“吉隆坡的天气它是翻云又覆雨”#转场
